"wpid","ndexid"
"WP5144","978f6981-5c75-11ec-b3be-0ac135e8bacf"
"WP5124","8f5dc94d-5c75-11ec-b3be-0ac135e8bacf"
"WP5122","84e4aa1a-5c75-11ec-b3be-0ac135e8bacf"
"WP5121","7ccd2197-5c75-11ec-b3be-0ac135e8bacf"
"WP5120","7505dbf4-5c75-11ec-b3be-0ac135e8bacf"
"WP5119","6d8144a1-5c75-11ec-b3be-0ac135e8bacf"
"WP5118","65fef73d-5c75-11ec-b3be-0ac135e8bacf"
"WP5117","61202b89-5c75-11ec-b3be-0ac135e8bacf"
"WP5116","588409b6-5c75-11ec-b3be-0ac135e8bacf"
"WP5115","50d8b082-5c75-11ec-b3be-0ac135e8bacf"
"WP5114","463f380e-5c75-11ec-b3be-0ac135e8bacf"
"WP5113","3e0a156a-5c75-11ec-b3be-0ac135e8bacf"
"WP5112","355e1517-5c75-11ec-b3be-0ac135e8bacf"
"WP5111","2ddb5284-5c75-11ec-b3be-0ac135e8bacf"
"WP5110","2606ed81-5c75-11ec-b3be-0ac135e8bacf"
"WP5109","1ec0e6ce-5c75-11ec-b3be-0ac135e8bacf"
"WP5108","178abd9b-5c75-11ec-b3be-0ac135e8bacf"
"WP5105","1032b488-5c75-11ec-b3be-0ac135e8bacf"
"WP5104","09823614-5c75-11ec-b3be-0ac135e8bacf"
"WP5103","045daed0-5c75-11ec-b3be-0ac135e8bacf"
"WP5102","fca5363c-5c74-11ec-b3be-0ac135e8bacf"
"WP5101","f4e0d6c9-5c74-11ec-b3be-0ac135e8bacf"
"WP5098","ed1d61b5-5c74-11ec-b3be-0ac135e8bacf"
"WP5097","e3b00d31-5c74-11ec-b3be-0ac135e8bacf"
"WP5095","daaaa23d-5c74-11ec-b3be-0ac135e8bacf"
"WP5094","d2bc2589-5c74-11ec-b3be-0ac135e8bacf"
"WP5092","bb418e96-5c74-11ec-b3be-0ac135e8bacf"
"WP5090","b36cdb72-5c74-11ec-b3be-0ac135e8bacf"
"WP5089","aa135d0f-5c74-11ec-b3be-0ac135e8bacf"
"WP5088","a292211b-5c74-11ec-b3be-0ac135e8bacf"
"WP5087","9aafb257-5c74-11ec-b3be-0ac135e8bacf"
"WP5085","8efd76e4-5c74-11ec-b3be-0ac135e8bacf"
"WP5083","87a7b7c0-5c74-11ec-b3be-0ac135e8bacf"
"WP5076","7d69a5bd-5c74-11ec-b3be-0ac135e8bacf"
"WP5074","766e3b99-5c74-11ec-b3be-0ac135e8bacf"
"WP5072","6ea1c5d6-5c74-11ec-b3be-0ac135e8bacf"
"WP5066","671d5593-5c74-11ec-b3be-0ac135e8bacf"
"WP5065","5ff8dfa0-5c74-11ec-b3be-0ac135e8bacf"
"WP5064","58fefc1c-5c74-11ec-b3be-0ac135e8bacf"
"WP5063","513e9449-5c74-11ec-b3be-0ac135e8bacf"
"WP5061","49bf7b35-5c74-11ec-b3be-0ac135e8bacf"
"WP5055","41bf9961-5c74-11ec-b3be-0ac135e8bacf"
"WP5053","39b72c0e-5c74-11ec-b3be-0ac135e8bacf"
"WP5052","3259f2db-5c74-11ec-b3be-0ac135e8bacf"
"WP5050","2be0b108-5c74-11ec-b3be-0ac135e8bacf"
"WP5049","2496d8c5-5c74-11ec-b3be-0ac135e8bacf"
"WP5046","1e044292-5c74-11ec-b3be-0ac135e8bacf"
"WP5044","164e13ef-5c74-11ec-b3be-0ac135e8bacf"
"WP5043","0f56ef8c-5c74-11ec-b3be-0ac135e8bacf"
"WP5039","08478838-5c74-11ec-b3be-0ac135e8bacf"
"WP5038","0071eab4-5c74-11ec-b3be-0ac135e8bacf"
"WP5036","f5be5a90-5c73-11ec-b3be-0ac135e8bacf"
"WP5033","ee26142d-5c73-11ec-b3be-0ac135e8bacf"
"WP5027","e160bb0a-5c73-11ec-b3be-0ac135e8bacf"
"WP4971","da97d296-5c73-11ec-b3be-0ac135e8bacf"
"WP4970","d2fbe2b2-5c73-11ec-b3be-0ac135e8bacf"
"WP4969","c857e2ef-5c73-11ec-b3be-0ac135e8bacf"
"WP4966","c1046dbc-5c73-11ec-b3be-0ac135e8bacf"
"WP4963","b8014cb8-5c73-11ec-b3be-0ac135e8bacf"
"WP4962","af4594f5-5c73-11ec-b3be-0ac135e8bacf"
"WP4961","a842d7d2-5c73-11ec-b3be-0ac135e8bacf"
"WP4950","a20e190f-5c73-11ec-b3be-0ac135e8bacf"
"WP4949","9b435bdb-5c73-11ec-b3be-0ac135e8bacf"
"WP4947","93b304b8-5c73-11ec-b3be-0ac135e8bacf"
"WP4946","8d1c28c4-5c73-11ec-b3be-0ac135e8bacf"
"WP4944","85cd9591-5c73-11ec-b3be-0ac135e8bacf"
"WP4942","7fee70de-5c73-11ec-b3be-0ac135e8bacf"
"WP4941","795dfd8b-5c73-11ec-b3be-0ac135e8bacf"
"WP4940","728a1898-5c73-11ec-b3be-0ac135e8bacf"
"WP4932","6c298ee4-5c73-11ec-b3be-0ac135e8bacf"
"WP4931","640730f1-5c73-11ec-b3be-0ac135e8bacf"
"WP4928","5d8c416e-5c73-11ec-b3be-0ac135e8bacf"
"WP4927","55cbb28a-5c73-11ec-b3be-0ac135e8bacf"
"WP4925","4dc0fb47-5c73-11ec-b3be-0ac135e8bacf"
"WP4923","46a70ca4-5c73-11ec-b3be-0ac135e8bacf"
"WP4922","3fefd770-5c73-11ec-b3be-0ac135e8bacf"
"WP4921","3905362d-5c73-11ec-b3be-0ac135e8bacf"
"WP4920","325bbc9a-5c73-11ec-b3be-0ac135e8bacf"
"WP4919","2bfb8107-5c73-11ec-b3be-0ac135e8bacf"
"WP4918","2529bef4-5c73-11ec-b3be-0ac135e8bacf"
"WP4912","1bfa0fb1-5c73-11ec-b3be-0ac135e8bacf"
"WP4906","1515fe1d-5c73-11ec-b3be-0ac135e8bacf"
"WP4905","0dd4151a-5c73-11ec-b3be-0ac135e8bacf"
"WP4904","073c4ec7-5c73-11ec-b3be-0ac135e8bacf"
"WP4900","00c49393-5c73-11ec-b3be-0ac135e8bacf"
"WP4891","f955f540-5c72-11ec-b3be-0ac135e8bacf"
"WP4884","f28f56bd-5c72-11ec-b3be-0ac135e8bacf"
"WP4883","ebeeddd9-5c72-11ec-b3be-0ac135e8bacf"
"WP4880","e502dd05-5c72-11ec-b3be-0ac135e8bacf"
"WP4879","de22ea21-5c72-11ec-b3be-0ac135e8bacf"
"WP4877","d5b68bde-5c72-11ec-b3be-0ac135e8bacf"
"WP4876","cea6613b-5c72-11ec-b3be-0ac135e8bacf"
"WP4875","c862ae58-5c72-11ec-b3be-0ac135e8bacf"
"WP4874","c137cfc4-5c72-11ec-b3be-0ac135e8bacf"
"WP4873","b96e8e51-5c72-11ec-b3be-0ac135e8bacf"
"WP4872","b2e4f8ce-5c72-11ec-b3be-0ac135e8bacf"
"WP4871","abf3a0ca-5c72-11ec-b3be-0ac135e8bacf"
"WP4868","a7653f06-5c72-11ec-b3be-0ac135e8bacf"
"WP4864","a0876f03-5c72-11ec-b3be-0ac135e8bacf"
"WP4863","999f8ce0-5c72-11ec-b3be-0ac135e8bacf"
"WP4861","92f799ec-5c72-11ec-b3be-0ac135e8bacf"
"WP4860","8b9b9939-5c72-11ec-b3be-0ac135e8bacf"
"WP4856","856c31a5-5c72-11ec-b3be-0ac135e8bacf"
"WP4853","76e68ae2-5c72-11ec-b3be-0ac135e8bacf"
"WP4846","70af0cfe-5c72-11ec-b3be-0ac135e8bacf"
"WP4844","69b4662a-5c72-11ec-b3be-0ac135e8bacf"
"WP4842","620ba507-5c72-11ec-b3be-0ac135e8bacf"
"WP4838","5b1c6fe3-5c72-11ec-b3be-0ac135e8bacf"
"WP4830","5441ad20-5c72-11ec-b3be-0ac135e8bacf"
"WP4829","50105f7d-5c72-11ec-b3be-0ac135e8bacf"
"WP4823","49aaf3ca-5c72-11ec-b3be-0ac135e8bacf"
"WP4818","429c76d7-5c72-11ec-b3be-0ac135e8bacf"
"WP4816","3c2c83d3-5c72-11ec-b3be-0ac135e8bacf"
"WP4815","3446929f-5c72-11ec-b3be-0ac135e8bacf"
"WP4814","2d4f201c-5c72-11ec-b3be-0ac135e8bacf"
"WP4808","273e8b28-5c72-11ec-b3be-0ac135e8bacf"
"WP4806","1fe0dcc4-5c72-11ec-b3be-0ac135e8bacf"
"WP4804","18528171-5c72-11ec-b3be-0ac135e8bacf"
"WP4803","122515ad-5c72-11ec-b3be-0ac135e8bacf"
"WP4799","f974219a-5c71-11ec-b3be-0ac135e8bacf"
"WP4790","f03be6d7-5c71-11ec-b3be-0ac135e8bacf"
"WP4789","e99ea244-5c71-11ec-b3be-0ac135e8bacf"
"WP4788","e34ae9d1-5c71-11ec-b3be-0ac135e8bacf"
"WP4787","dd31f06d-5c71-11ec-b3be-0ac135e8bacf"
"WP4786","d53ce409-5c71-11ec-b3be-0ac135e8bacf"
"WP4785","cea67d46-5c71-11ec-b3be-0ac135e8bacf"
"WP4784","c8bf6952-5c71-11ec-b3be-0ac135e8bacf"
"WP4767","c2355e9f-5c71-11ec-b3be-0ac135e8bacf"
"WP4760","bb9e82ac-5c71-11ec-b3be-0ac135e8bacf"
"WP4758","b589a7f9-5c71-11ec-b3be-0ac135e8bacf"
"WP4756","ae611356-5c71-11ec-b3be-0ac135e8bacf"
"WP4754","a8180942-5c71-11ec-b3be-0ac135e8bacf"
"WP4752","9d4139ae-5c71-11ec-b3be-0ac135e8bacf"
"WP4751","967c48db-5c71-11ec-b3be-0ac135e8bacf"
"WP4747","90ab06d7-5c71-11ec-b3be-0ac135e8bacf"
"WP4746","899fbe33-5c71-11ec-b3be-0ac135e8bacf"
"WP4726","7f19a6af-5c71-11ec-b3be-0ac135e8bacf"
"WP4725","78905f4b-5c71-11ec-b3be-0ac135e8bacf"
"WP4724","725ab628-5c71-11ec-b3be-0ac135e8bacf"
"WP4723","6c701fc4-5c71-11ec-b3be-0ac135e8bacf"
"WP4722","682c5b90-5c71-11ec-b3be-0ac135e8bacf"
"WP4721","61debd9c-5c71-11ec-b3be-0ac135e8bacf"
"WP4720","5b6861f9-5c71-11ec-b3be-0ac135e8bacf"
"WP4719","55379ad5-5c71-11ec-b3be-0ac135e8bacf"
"WP4718","4e193f61-5c71-11ec-b3be-0ac135e8bacf"
"WP4707","46c8b05e-5c71-11ec-b3be-0ac135e8bacf"
"WP4705","40a41e3b-5c71-11ec-b3be-0ac135e8bacf"
"WP4698","3a1de417-5c71-11ec-b3be-0ac135e8bacf"
"WP4685","2fc76813-5c71-11ec-b3be-0ac135e8bacf"
"WP4674","28710caf-5c71-11ec-b3be-0ac135e8bacf"
"WP4673","2164b29b-5c71-11ec-b3be-0ac135e8bacf"
"WP4666","19f41877-5c71-11ec-b3be-0ac135e8bacf"
"WP4661","10dcfa44-5c71-11ec-b3be-0ac135e8bacf"
"WP4659","0a937b00-5c71-11ec-b3be-0ac135e8bacf"
"WP4658","0015eefc-5c71-11ec-b3be-0ac135e8bacf"
"WP4657","f874a7e8-5c70-11ec-b3be-0ac135e8bacf"
"WP4656","efae1ab4-5c70-11ec-b3be-0ac135e8bacf"
"WP4655","e7eca170-5c70-11ec-b3be-0ac135e8bacf"
"WP4629","e11e61cc-5c70-11ec-b3be-0ac135e8bacf"
"WP4595","da4796a8-5c70-11ec-b3be-0ac135e8bacf"
"WP4585","ce849255-5c70-11ec-b3be-0ac135e8bacf"
"WP4583","c505ffc2-5c70-11ec-b3be-0ac135e8bacf"
"WP4582","bef56bcf-5c70-11ec-b3be-0ac135e8bacf"
"WP4577","b5748f4b-5c70-11ec-b3be-0ac135e8bacf"
"WP4571","ae6faf48-5c70-11ec-b3be-0ac135e8bacf"
"WP4566","a8245b44-5c70-11ec-b3be-0ac135e8bacf"
"WP4565","a130e061-5c70-11ec-b3be-0ac135e8bacf"
"WP4564","96a1ef3e-5c70-11ec-b3be-0ac135e8bacf"
"WP4562","90159a9b-5c70-11ec-b3be-0ac135e8bacf"
"WP4561","8a1b73d8-5c70-11ec-b3be-0ac135e8bacf"
"WP4560","838beae4-5c70-11ec-b3be-0ac135e8bacf"
"WP4559","7d053b91-5c70-11ec-b3be-0ac135e8bacf"
"WP4558","76655eed-5c70-11ec-b3be-0ac135e8bacf"
"WP4553","6f0cb99a-5c70-11ec-b3be-0ac135e8bacf"
"WP4545","65b5d346-5c70-11ec-b3be-0ac135e8bacf"
"WP4542","5e1f88b2-5c70-11ec-b3be-0ac135e8bacf"
"WP4541","572779ee-5c70-11ec-b3be-0ac135e8bacf"
"WP4540","4fdcde5a-5c70-11ec-b3be-0ac135e8bacf"
"WP4539","48e93c67-5c70-11ec-b3be-0ac135e8bacf"
"WP4538","424df3a3-5c70-11ec-b3be-0ac135e8bacf"
"WP4537","3a5bf480-5c70-11ec-b3be-0ac135e8bacf"
"WP4536","341ad9ac-5c70-11ec-b3be-0ac135e8bacf"
"WP4535","2b1f0ba8-5c70-11ec-b3be-0ac135e8bacf"
"WP4534","247b8584-5c70-11ec-b3be-0ac135e8bacf"
"WP4533","1fe5f7d1-5c70-11ec-b3be-0ac135e8bacf"
"WP4532","19b4946e-5c70-11ec-b3be-0ac135e8bacf"
"WP4496","fba0897b-5c6f-11ec-b3be-0ac135e8bacf"
"WP4495","f4cca488-5c6f-11ec-b3be-0ac135e8bacf"
"WP4494","eeecbc85-5c6f-11ec-b3be-0ac135e8bacf"
"WP4493","e8202a91-5c6f-11ec-b3be-0ac135e8bacf"
"WP4487","e085732e-5c6f-11ec-b3be-0ac135e8bacf"
"WP4486","db2f067b-5c6f-11ec-b3be-0ac135e8bacf"
"WP4485","d5dd54b8-5c6f-11ec-b3be-0ac135e8bacf"
"WP4484","d02fa045-5c6f-11ec-b3be-0ac135e8bacf"
"WP4483","ca1f0b52-5c6f-11ec-b3be-0ac135e8bacf"
"WP4482","c362f41f-5c6f-11ec-b3be-0ac135e8bacf"
"WP4481","bc2bb97c-5c6f-11ec-b3be-0ac135e8bacf"
"WP4480","b5f7e519-5c6f-11ec-b3be-0ac135e8bacf"
"WP4479","b00d75c6-5c6f-11ec-b3be-0ac135e8bacf"
"WP4478","aa6edc83-5c6f-11ec-b3be-0ac135e8bacf"
"WP4462","a4e2e0e0-5c6f-11ec-b3be-0ac135e8bacf"
"WP4400","9f36da1d-5c6f-11ec-b3be-0ac135e8bacf"
"WP4399","99aa1b2a-5c6f-11ec-b3be-0ac135e8bacf"
"WP4397","94139837-5c6f-11ec-b3be-0ac135e8bacf"
"WP4396","8e8c5783-5c6f-11ec-b3be-0ac135e8bacf"
"WP4389","871cced0-5c6f-11ec-b3be-0ac135e8bacf"
"WP4357","81b0691d-5c6f-11ec-b3be-0ac135e8bacf"
"WP4352","7bd207b9-5c6f-11ec-b3be-0ac135e8bacf"
"WP4342","745d9d06-5c6f-11ec-b3be-0ac135e8bacf"
"WP4341","6e84e0f2-5c6f-11ec-b3be-0ac135e8bacf"
"WP4337","6731b9df-5c6f-11ec-b3be-0ac135e8bacf"
"WP4336","61443d4b-5c6f-11ec-b3be-0ac135e8bacf"
"WP4331","5a90b198-5c6f-11ec-b3be-0ac135e8bacf"
"WP4329","53bb4604-5c6f-11ec-b3be-0ac135e8bacf"
"WP4324","4d1b9070-5c6f-11ec-b3be-0ac135e8bacf"
"WP4321","34fa804c-5c6f-11ec-b3be-0ac135e8bacf"
"WP4320","2e0cd1c9-5c6f-11ec-b3be-0ac135e8bacf"
"WP4317","28031aa6-5c6f-11ec-b3be-0ac135e8bacf"
"WP4313","2247f8b2-5c6f-11ec-b3be-0ac135e8bacf"
"WP4312","1b2afccf-5c6f-11ec-b3be-0ac135e8bacf"
"WP4301","12360c9c-5c6f-11ec-b3be-0ac135e8bacf"
"WP4300","0bfc92e9-5c6f-11ec-b3be-0ac135e8bacf"
"WP4299","053bc0c6-5c6f-11ec-b3be-0ac135e8bacf"
"WP4298","ff9e38f2-5c6e-11ec-b3be-0ac135e8bacf"
"WP4290","f37064de-5c6e-11ec-b3be-0ac135e8bacf"
"WP4288","ecf3527b-5c6e-11ec-b3be-0ac135e8bacf"
"WP4286","e674b978-5c6e-11ec-b3be-0ac135e8bacf"
"WP4284","e01f7a65-5c6e-11ec-b3be-0ac135e8bacf"
"WP4269","d8125222-5c6e-11ec-b3be-0ac135e8bacf"
"WP4263","d1b746ae-5c6e-11ec-b3be-0ac135e8bacf"
"WP4262","cac4dd3a-5c6e-11ec-b3be-0ac135e8bacf"
"WP4258","c0ac0676-5c6e-11ec-b3be-0ac135e8bacf"
"WP4255","b9d191d2-5c6e-11ec-b3be-0ac135e8bacf"
"WP4249","b330559f-5c6e-11ec-b3be-0ac135e8bacf"
"WP4241","accbfb5b-5c6e-11ec-b3be-0ac135e8bacf"
"WP4240","a675aad8-5c6e-11ec-b3be-0ac135e8bacf"
"WP4239","a084d2e4-5c6e-11ec-b3be-0ac135e8bacf"
"WP4233","960aa241-5c6e-11ec-b3be-0ac135e8bacf"
"WP4223","8814442d-5c6e-11ec-b3be-0ac135e8bacf"
"WP4222","7e8f7009-5c6e-11ec-b3be-0ac135e8bacf"
"WP4217","753925f5-5c6e-11ec-b3be-0ac135e8bacf"
"WP4216","6d85b671-5c6e-11ec-b3be-0ac135e8bacf"
"WP4211","664f662e-5c6e-11ec-b3be-0ac135e8bacf"
"WP4210","5fce0e0b-5c6e-11ec-b3be-0ac135e8bacf"
"WP4206","5a142498-5c6e-11ec-b3be-0ac135e8bacf"
"WP4205","54117254-5c6e-11ec-b3be-0ac135e8bacf"
"WP4204","4dd56091-5c6e-11ec-b3be-0ac135e8bacf"
"WP4197","4822a30e-5c6e-11ec-b3be-0ac135e8bacf"
"WP4195","420033cb-5c6e-11ec-b3be-0ac135e8bacf"
"WP4191","3a7cfc08-5c6e-11ec-b3be-0ac135e8bacf"
"WP4190","34dd5154-5c6e-11ec-b3be-0ac135e8bacf"
"WP4189","2e3cb160-5c6e-11ec-b3be-0ac135e8bacf"
"WP4186","27489a3d-5c6e-11ec-b3be-0ac135e8bacf"
"WP4174","21295f4a-5c6e-11ec-b3be-0ac135e8bacf"
"WP4172","1b8d8526-5c6e-11ec-b3be-0ac135e8bacf"
"WP4159","12bb1112-5c6e-11ec-b3be-0ac135e8bacf"
"WP4155","079fbe6e-5c6e-11ec-b3be-0ac135e8bacf"
"WP4150","fe343eab-5c6d-11ec-b3be-0ac135e8bacf"
"WP4149","f88810d8-5c6d-11ec-b3be-0ac135e8bacf"
"WP4148","f3119905-5c6d-11ec-b3be-0ac135e8bacf"
"WP4147","ed0ceaf2-5c6d-11ec-b3be-0ac135e8bacf"
"WP4146","e79624ff-5c6d-11ec-b3be-0ac135e8bacf"
"WP4142","e2948f0b-5c6d-11ec-b3be-0ac135e8bacf"
"WP4141","dcdf3978-5c6d-11ec-b3be-0ac135e8bacf"
"WP4136","d8d7e205-5c6d-11ec-b3be-0ac135e8bacf"
"WP4030","d30c6c61-5c6d-11ec-b3be-0ac135e8bacf"
"WP4022","c42e937d-5c6d-11ec-b3be-0ac135e8bacf"
"WP4018","bd195fc9-5c6d-11ec-b3be-0ac135e8bacf"
"WP4016","b6c27305-5c6d-11ec-b3be-0ac135e8bacf"
"WP4008","acd6edd1-5c6d-11ec-b3be-0ac135e8bacf"
"WP3998","a86bf28d-5c6d-11ec-b3be-0ac135e8bacf"
"WP3996","a110670a-5c6d-11ec-b3be-0ac135e8bacf"
"WP3995","9b938697-5c6d-11ec-b3be-0ac135e8bacf"
"WP3982","95e8b854-5c6d-11ec-b3be-0ac135e8bacf"
"WP3981","907fae01-5c6d-11ec-b3be-0ac135e8bacf"
"WP3972","8acb69de-5c6d-11ec-b3be-0ac135e8bacf"
"WP3971","8546e84b-5c6d-11ec-b3be-0ac135e8bacf"
"WP3969","7fdd68c8-5c6d-11ec-b3be-0ac135e8bacf"
"WP3967","7ac51685-5c6d-11ec-b3be-0ac135e8bacf"
"WP3965","76e67cc2-5c6d-11ec-b3be-0ac135e8bacf"
"WP3963","7160266f-5c6d-11ec-b3be-0ac135e8bacf"
"WP3959","6c5eb78b-5c6d-11ec-b3be-0ac135e8bacf"
"WP3958","65a75b48-5c6d-11ec-b3be-0ac135e8bacf"
"WP3947","5fff7335-5c6d-11ec-b3be-0ac135e8bacf"
"WP3945","5a981692-5c6d-11ec-b3be-0ac135e8bacf"
"WP3944","54f648ff-5c6d-11ec-b3be-0ac135e8bacf"
"WP3943","4fb11a5c-5c6d-11ec-b3be-0ac135e8bacf"
"WP3942","4a703178-5c6d-11ec-b3be-0ac135e8bacf"
"WP3941","445dc7c5-5c6d-11ec-b3be-0ac135e8bacf"
"WP3940","3ef61d01-5c6d-11ec-b3be-0ac135e8bacf"
"WP3938","3913c3fe-5c6d-11ec-b3be-0ac135e8bacf"
"WP3937","3405d1fb-5c6d-11ec-b3be-0ac135e8bacf"
"WP3935","2e7876c8-5c6d-11ec-b3be-0ac135e8bacf"
"WP3934","291b0535-5c6d-11ec-b3be-0ac135e8bacf"
"WP3933","241aa7c2-5c6d-11ec-b3be-0ac135e8bacf"
"WP3932","1f1ede2e-5c6d-11ec-b3be-0ac135e8bacf"
"WP3931","15fe712a-5c6d-11ec-b3be-0ac135e8bacf"
"WP3930","0f0fb137-5c6d-11ec-b3be-0ac135e8bacf"
"WP3929","09d38343-5c6d-11ec-b3be-0ac135e8bacf"
"WP3927","03259ce0-5c6d-11ec-b3be-0ac135e8bacf"
"WP3926","fd3a914d-5c6c-11ec-b3be-0ac135e8bacf"
"WP3925","f819da99-5c6c-11ec-b3be-0ac135e8bacf"
"WP3924","f1dda1c6-5c6c-11ec-b3be-0ac135e8bacf"
"WP3915","ecfe87f2-5c6c-11ec-b3be-0ac135e8bacf"
"WP3893","e5c0bd9e-5c6c-11ec-b3be-0ac135e8bacf"
"WP3892","e019e6fa-5c6c-11ec-b3be-0ac135e8bacf"
"WP3891","dab96827-5c6c-11ec-b3be-0ac135e8bacf"
"WP3890","d5cf2ac4-5c6c-11ec-b3be-0ac135e8bacf"
"WP3888","d077aca0-5c6c-11ec-b3be-0ac135e8bacf"
"WP3879","c37bda2d-5c6c-11ec-b3be-0ac135e8bacf"
"WP3878","bdfb2929-5c6c-11ec-b3be-0ac135e8bacf"
"WP3877","b8b33b66-5c6c-11ec-b3be-0ac135e8bacf"
"WP3876","b3bd6543-5c6c-11ec-b3be-0ac135e8bacf"
"WP3875","aece1ed0-5c6c-11ec-b3be-0ac135e8bacf"
"WP3874","a99f5f5d-5c6c-11ec-b3be-0ac135e8bacf"
"WP3872","a4a67bfa-5c6c-11ec-b3be-0ac135e8bacf"
"WP3871","9fb38c07-5c6c-11ec-b3be-0ac135e8bacf"
"WP3869","9a4307a3-5c6c-11ec-b3be-0ac135e8bacf"
"WP3865","94bfe5a0-5c6c-11ec-b3be-0ac135e8bacf"
"WP3863","8f0f720d-5c6c-11ec-b3be-0ac135e8bacf"
"WP3859","89be839a-5c6c-11ec-b3be-0ac135e8bacf"
"WP3858","84cccc27-5c6c-11ec-b3be-0ac135e8bacf"
"WP3853","7faf97e4-5c6c-11ec-b3be-0ac135e8bacf"
"WP3851","7a6cb331-5c6c-11ec-b3be-0ac135e8bacf"
"WP3850","756773be-5c6c-11ec-b3be-0ac135e8bacf"
"WP3849","6f6adbfb-5c6c-11ec-b3be-0ac135e8bacf"
"WP3845","6ab51c18-5c6c-11ec-b3be-0ac135e8bacf"
"WP3844","65a1abd5-5c6c-11ec-b3be-0ac135e8bacf"
"WP3680","60cf3c31-5c6c-11ec-b3be-0ac135e8bacf"
"WP3679","5b6f328e-5c6c-11ec-b3be-0ac135e8bacf"
"WP3678","5676010b-5c6c-11ec-b3be-0ac135e8bacf"
"WP3676","51c1c7c8-5c6c-11ec-b3be-0ac135e8bacf"
"WP3674","4c9b6bc5-5c6c-11ec-b3be-0ac135e8bacf"
"WP3672","47713f32-5c6c-11ec-b3be-0ac135e8bacf"
"WP3670","422c5eaf-5c6c-11ec-b3be-0ac135e8bacf"
"WP3668","3ceb9cdc-5c6c-11ec-b3be-0ac135e8bacf"
"WP3666","37b11c99-5c6c-11ec-b3be-0ac135e8bacf"
"WP3664","3319ba26-5c6c-11ec-b3be-0ac135e8bacf"
"WP3658","2eff4fe3-5c6c-11ec-b3be-0ac135e8bacf"
"WP3657","2ae9c7a0-5c6c-11ec-b3be-0ac135e8bacf"
"WP3656","271d7d5d-5c6c-11ec-b3be-0ac135e8bacf"
"WP3655","222b029a-5c6c-11ec-b3be-0ac135e8bacf"
"WP3651","1d0b8466-5c6c-11ec-b3be-0ac135e8bacf"
"WP3646","177b9122-5c6c-11ec-b3be-0ac135e8bacf"
"WP3645","11d4e18f-5c6c-11ec-b3be-0ac135e8bacf"
"WP3644","0cd40eec-5c6c-11ec-b3be-0ac135e8bacf"
"WP3640","076ed529-5c6c-11ec-b3be-0ac135e8bacf"
"WP3635","01ec7675-5c6c-11ec-b3be-0ac135e8bacf"
"WP3634","fc594ee1-5c6b-11ec-b3be-0ac135e8bacf"
"WP3633","f6eee4fe-5c6b-11ec-b3be-0ac135e8bacf"
"WP3630","f1ff506b-5c6b-11ec-b3be-0ac135e8bacf"
"WP3627","ece1a6f8-5c6b-11ec-b3be-0ac135e8bacf"
"WP3624","e7f7dec4-5c6b-11ec-b3be-0ac135e8bacf"
"WP3617","e13510d1-5c6b-11ec-b3be-0ac135e8bacf"
"WP3614","dbd9c21e-5c6b-11ec-b3be-0ac135e8bacf"
"WP3613","d621112b-5c6b-11ec-b3be-0ac135e8bacf"
"WP3612","d1136d48-5c6b-11ec-b3be-0ac135e8bacf"
"WP3611","cc1ab0f5-5c6b-11ec-b3be-0ac135e8bacf"
"WP3604","c6597481-5c6b-11ec-b3be-0ac135e8bacf"
"WP3602","c10ccbcd-5c6b-11ec-b3be-0ac135e8bacf"
"WP3601","bc7457ea-5c6b-11ec-b3be-0ac135e8bacf"
"WP3599","b7e95187-5c6b-11ec-b3be-0ac135e8bacf"
"WP3596","b1178f74-5c6b-11ec-b3be-0ac135e8bacf"
"WP3595","ac5bb511-5c6b-11ec-b3be-0ac135e8bacf"
"WP3594","a7558b3d-5c6b-11ec-b3be-0ac135e8bacf"
"WP3593","a0a92b7a-5c6b-11ec-b3be-0ac135e8bacf"
"WP3591","9b18ea17-5c6b-11ec-b3be-0ac135e8bacf"
"WP3585","95ec4c84-5c6b-11ec-b3be-0ac135e8bacf"
"WP3584","90936ed0-5c6b-11ec-b3be-0ac135e8bacf"
"WP3580","8ab0eebc-5c6b-11ec-b3be-0ac135e8bacf"
"WP3529","84eea0d8-5c6b-11ec-b3be-0ac135e8bacf"
"WP3527","7e7eadd4-5c6b-11ec-b3be-0ac135e8bacf"
"WP3414","776e0e00-5c6b-11ec-b3be-0ac135e8bacf"
"WP3413","7215cc8d-5c6b-11ec-b3be-0ac135e8bacf"
"WP3408","6d0df50a-5c6b-11ec-b3be-0ac135e8bacf"
"WP3407","6820f887-5c6b-11ec-b3be-0ac135e8bacf"
"WP3303","636a2733-5c6b-11ec-b3be-0ac135e8bacf"
"WP3302","5ef5b610-5c6b-11ec-b3be-0ac135e8bacf"
"WP3301","59e9e6ed-5c6b-11ec-b3be-0ac135e8bacf"
"WP3300","540284da-5c6b-11ec-b3be-0ac135e8bacf"
"WP3299","4f4c9de7-5c6b-11ec-b3be-0ac135e8bacf"
"WP3298","4aa0f023-5c6b-11ec-b3be-0ac135e8bacf"
"WP3297","45254830-5c6b-11ec-b3be-0ac135e8bacf"
"WP3287","3d295dfd-5c6b-11ec-b3be-0ac135e8bacf"
"WP3286","37c360e9-5c6b-11ec-b3be-0ac135e8bacf"
"WP2943","320817e6-5c6b-11ec-b3be-0ac135e8bacf"
"WP2942","2db622e3-5c6b-11ec-b3be-0ac135e8bacf"
"WP2916","29143920-5c6b-11ec-b3be-0ac135e8bacf"
"WP2911","23dc9f0d-5c6b-11ec-b3be-0ac135e8bacf"
"WP2889","1cd3ee7a-5c6b-11ec-b3be-0ac135e8bacf"
"WP2884","18188946-5c6b-11ec-b3be-0ac135e8bacf"
"WP2882","1246f922-5c6b-11ec-b3be-0ac135e8bacf"
"WP2881","0a08137f-5c6b-11ec-b3be-0ac135e8bacf"
"WP2880","04a4394b-5c6b-11ec-b3be-0ac135e8bacf"
"WP2879","fee26098-5c6a-11ec-b3be-0ac135e8bacf"
"WP2878","f9862785-5c6a-11ec-b3be-0ac135e8bacf"
"WP2877","f46fd111-5c6a-11ec-b3be-0ac135e8bacf"
"WP2876","ee85fdfe-5c6a-11ec-b3be-0ac135e8bacf"
"WP2875","e94a6c4b-5c6a-11ec-b3be-0ac135e8bacf"
"WP2874","e423e938-5c6a-11ec-b3be-0ac135e8bacf"
"WP2873","df08d7d5-5c6a-11ec-b3be-0ac135e8bacf"
"WP2870","d962c482-5c6a-11ec-b3be-0ac135e8bacf"
"WP2868","d41b9a0f-5c6a-11ec-b3be-0ac135e8bacf"
"WP2865","cf4ab10c-5c6a-11ec-b3be-0ac135e8bacf"
"WP2864","ca7b2799-5c6a-11ec-b3be-0ac135e8bacf"
"WP2858","c5478525-5c6a-11ec-b3be-0ac135e8bacf"
"WP2857","bfa6a1f1-5c6a-11ec-b3be-0ac135e8bacf"
"WP2855","b9b04bbe-5c6a-11ec-b3be-0ac135e8bacf"
"WP2854","b4f386fb-5c6a-11ec-b3be-0ac135e8bacf"
"WP2853","b041beb7-5c6a-11ec-b3be-0ac135e8bacf"
"WP2849","aa683f53-5c6a-11ec-b3be-0ac135e8bacf"
"WP2848","a39b111f-5c6a-11ec-b3be-0ac135e8bacf"
"WP2846","8676482c-5c6a-11ec-b3be-0ac135e8bacf"
"WP2840","814082d8-5c6a-11ec-b3be-0ac135e8bacf"
"WP2839","7b9391b5-5c6a-11ec-b3be-0ac135e8bacf"
"WP2828","7659adb1-5c6a-11ec-b3be-0ac135e8bacf"
"WP2826","707e327e-5c6a-11ec-b3be-0ac135e8bacf"
"WP2817","6bf7bffb-5c6a-11ec-b3be-0ac135e8bacf"
"WP2816","66363568-5c6a-11ec-b3be-0ac135e8bacf"
"WP2815","61cb8845-5c6a-11ec-b3be-0ac135e8bacf"
"WP2814","5cb35d12-5c6a-11ec-b3be-0ac135e8bacf"
"WP2813","57e951df-5c6a-11ec-b3be-0ac135e8bacf"
"WP2806","532a432b-5c6a-11ec-b3be-0ac135e8bacf"
"WP2805","4bd21308-5c6a-11ec-b3be-0ac135e8bacf"
"WP2795","4728af34-5c6a-11ec-b3be-0ac135e8bacf"
"WP2646","4148c731-5c6a-11ec-b3be-0ac135e8bacf"
"WP2645","3cb70a0e-5c6a-11ec-b3be-0ac135e8bacf"
"WP2643","384000db-5c6a-11ec-b3be-0ac135e8bacf"
"WP2640","323bc7f8-5c6a-11ec-b3be-0ac135e8bacf"
"WP2637","2db83ba5-5c6a-11ec-b3be-0ac135e8bacf"
"WP2636","28bb60a2-5c6a-11ec-b3be-0ac135e8bacf"
"WP2597","236d314f-5c6a-11ec-b3be-0ac135e8bacf"
"WP2596","1e9850ac-5c6a-11ec-b3be-0ac135e8bacf"
"WP2586","19f30b88-5c6a-11ec-b3be-0ac135e8bacf"
"WP2583","13b30225-5c6a-11ec-b3be-0ac135e8bacf"
"WP2572","0e76fb41-5c6a-11ec-b3be-0ac135e8bacf"
"WP2542","05c1d32e-5c6a-11ec-b3be-0ac135e8bacf"
"WP2536","012bf75b-5c6a-11ec-b3be-0ac135e8bacf"
"WP2533","fcd23a27-5c69-11ec-b3be-0ac135e8bacf"
"WP2526","f76ed523-5c69-11ec-b3be-0ac135e8bacf"
"WP2525","f1b86e1f-5c69-11ec-b3be-0ac135e8bacf"
"WP2516","ecc1ad9b-5c69-11ec-b3be-0ac135e8bacf"
"WP2513","e6b621b8-5c69-11ec-b3be-0ac135e8bacf"
"WP2509","e22d6545-5c69-11ec-b3be-0ac135e8bacf"
"WP2507","dd80f432-5c69-11ec-b3be-0ac135e8bacf"
"WP2491","d8fa5a9f-5c69-11ec-b3be-0ac135e8bacf"
"WP2485","d48af28c-5c69-11ec-b3be-0ac135e8bacf"
"WP2456","d01d1119-5c69-11ec-b3be-0ac135e8bacf"
"WP2453","cb9a6f26-5c69-11ec-b3be-0ac135e8bacf"
"WP2447","c7219132-5c69-11ec-b3be-0ac135e8bacf"
"WP2446","c1795afe-5c69-11ec-b3be-0ac135e8bacf"
"WP2436","bb941bcb-5c69-11ec-b3be-0ac135e8bacf"
"WP2431","b6a1a107-5c69-11ec-b3be-0ac135e8bacf"
"WP2406","a56f50d3-5c69-11ec-b3be-0ac135e8bacf"
"WP2380","9fd6d20f-5c69-11ec-b3be-0ac135e8bacf"
"WP2374","9871a99b-5c69-11ec-b3be-0ac135e8bacf"
"WP2371","9261ff07-5c69-11ec-b3be-0ac135e8bacf"
"WP2369","8cf5c063-5c69-11ec-b3be-0ac135e8bacf"
"WP2366","87e27730-5c69-11ec-b3be-0ac135e8bacf"
"WP2363","83aa72cd-5c69-11ec-b3be-0ac135e8bacf"
"WP2361","7f1d709a-5c69-11ec-b3be-0ac135e8bacf"
"WP2359","7a9e5117-5c69-11ec-b3be-0ac135e8bacf"
"WP2355","758e1523-5c69-11ec-b3be-0ac135e8bacf"
"WP2338","6e91245f-5c69-11ec-b3be-0ac135e8bacf"
"WP2333","6908841c-5c69-11ec-b3be-0ac135e8bacf"
"WP2332","64ca6538-5c69-11ec-b3be-0ac135e8bacf"
"WP2328","5f6af7d4-5c69-11ec-b3be-0ac135e8bacf"
"WP2324","505d8370-5c69-11ec-b3be-0ac135e8bacf"
"WP2291","4a7ba09d-5c69-11ec-b3be-0ac135e8bacf"
"WP2290","45f63f8a-5c69-11ec-b3be-0ac135e8bacf"
"WP2276","4063db47-5c69-11ec-b3be-0ac135e8bacf"
"WP2272","3bd55273-5c69-11ec-b3be-0ac135e8bacf"
"WP2267","3007c6cf-5c69-11ec-b3be-0ac135e8bacf"
"WP2261","2a13937b-5c69-11ec-b3be-0ac135e8bacf"
"WP2253","243cac28-5c69-11ec-b3be-0ac135e8bacf"
"WP2249","1ff45415-5c69-11ec-b3be-0ac135e8bacf"
"WP2203","1b4a2cf1-5c69-11ec-b3be-0ac135e8bacf"
"WP2197","162caa8d-5c69-11ec-b3be-0ac135e8bacf"
"WP2118","10b79249-5c69-11ec-b3be-0ac135e8bacf"
"WP2113","0a46b4e6-5c69-11ec-b3be-0ac135e8bacf"
"WP2112","060ab8e3-5c69-11ec-b3be-0ac135e8bacf"
"WP2064","014ce2af-5c69-11ec-b3be-0ac135e8bacf"
"WP2059","fbb80d6b-5c68-11ec-b3be-0ac135e8bacf"
"WP2038","f43068d8-5c68-11ec-b3be-0ac135e8bacf"
"WP2037","eece3c54-5c68-11ec-b3be-0ac135e8bacf"
"WP2036","e7e45e60-5c68-11ec-b3be-0ac135e8bacf"
"WP2035","e1b4f6cc-5c68-11ec-b3be-0ac135e8bacf"
"WP2034","dc13ec88-5c68-11ec-b3be-0ac135e8bacf"
"WP2032","d57cc274-5c68-11ec-b3be-0ac135e8bacf"
"WP2029","d0160210-5c68-11ec-b3be-0ac135e8bacf"
"WP2023","cb0fd83c-5c68-11ec-b3be-0ac135e8bacf"
"WP2018","c63b45b8-5c68-11ec-b3be-0ac135e8bacf"
"WP2011","c18fe615-5c68-11ec-b3be-0ac135e8bacf"
"WP2007","bd14be31-5c68-11ec-b3be-0ac135e8bacf"
"WP1995","b885991e-5c68-11ec-b3be-0ac135e8bacf"
"WP1992","b495732b-5c68-11ec-b3be-0ac135e8bacf"
"WP1991","affbc6c8-5c68-11ec-b3be-0ac135e8bacf"
"WP1984","ab9b52d4-5c68-11ec-b3be-0ac135e8bacf"
"WP1982","a594a8f0-5c68-11ec-b3be-0ac135e8bacf"
"WP1981","a065252d-5c68-11ec-b3be-0ac135e8bacf"
"WP1971","9be9881a-5c68-11ec-b3be-0ac135e8bacf"
"WP1946","971bd366-5c68-11ec-b3be-0ac135e8bacf"
"WP1772","9031ce62-5c68-11ec-b3be-0ac135e8bacf"
"WP1742","8ae4896f-5c68-11ec-b3be-0ac135e8bacf"
"WP1604","8677925c-5c68-11ec-b3be-0ac135e8bacf"
"WP1603","823ea399-5c68-11ec-b3be-0ac135e8bacf"
"WP1602","7dee8356-5c68-11ec-b3be-0ac135e8bacf"
"WP1601","795ec202-5c68-11ec-b3be-0ac135e8bacf"
"WP1600","74aa3a9f-5c68-11ec-b3be-0ac135e8bacf"
"WP1591","7073e3eb-5c68-11ec-b3be-0ac135e8bacf"
"WP1589","5e4bc208-5c68-11ec-b3be-0ac135e8bacf"
"WP1584","59d30b25-5c68-11ec-b3be-0ac135e8bacf"
"WP1559","551c60e2-5c68-11ec-b3be-0ac135e8bacf"
"WP1545","50c7fade-5c68-11ec-b3be-0ac135e8bacf"
"WP1544","4b3b62fa-5c68-11ec-b3be-0ac135e8bacf"
"WP1541","454e0d76-5c68-11ec-b3be-0ac135e8bacf"
"WP1539","4069c383-5c68-11ec-b3be-0ac135e8bacf"
"WP1533","3bbe3ccf-5c68-11ec-b3be-0ac135e8bacf"
"WP1531","35f5fb7c-5c68-11ec-b3be-0ac135e8bacf"
"WP1530","31838628-5c68-11ec-b3be-0ac135e8bacf"
"WP1528","2cbc6125-5c68-11ec-b3be-0ac135e8bacf"
"WP1495","285adbc2-5c68-11ec-b3be-0ac135e8bacf"
"WP1471","2465fadf-5c68-11ec-b3be-0ac135e8bacf"
"WP1455","1ff24d0c-5c68-11ec-b3be-0ac135e8bacf"
"WP1449","1bd41238-5c68-11ec-b3be-0ac135e8bacf"
"WP1438","162aa385-5c68-11ec-b3be-0ac135e8bacf"
"WP1434","11ef43c2-5c68-11ec-b3be-0ac135e8bacf"
"WP1433","0d85cf1f-5c68-11ec-b3be-0ac135e8bacf"
"WP1425","08c2539c-5c68-11ec-b3be-0ac135e8bacf"
"WP1424","0484d0f9-5c68-11ec-b3be-0ac135e8bacf"
"WP1423","00594fb5-5c68-11ec-b3be-0ac135e8bacf"
"WP1422","fbf02931-5c67-11ec-b3be-0ac135e8bacf"
"WP1403","f74a6edd-5c67-11ec-b3be-0ac135e8bacf"
"WP734","f2a1321a-5c67-11ec-b3be-0ac135e8bacf"
"WP733","ef15c167-5c67-11ec-b3be-0ac135e8bacf"
"WP732","eb18ca34-5c67-11ec-b3be-0ac135e8bacf"
"WP727","e75f44a1-5c67-11ec-b3be-0ac135e8bacf"
"WP716","e2eb48ad-5c67-11ec-b3be-0ac135e8bacf"
"WP715","de2eaafa-5c67-11ec-b3be-0ac135e8bacf"
"WP712","dabc8ea7-5c67-11ec-b3be-0ac135e8bacf"
"WP710","d6364333-5c67-11ec-b3be-0ac135e8bacf"
"WP707","d109a69f-5c67-11ec-b3be-0ac135e8bacf"
"WP706","cbf1c98c-5c67-11ec-b3be-0ac135e8bacf"
"WP704","b68021f9-5c67-11ec-b3be-0ac135e8bacf"
"WP702","b27ee505-5c67-11ec-b3be-0ac135e8bacf"
"WP699","adbd3e42-5c67-11ec-b3be-0ac135e8bacf"
"WP698","a9c0e34f-5c67-11ec-b3be-0ac135e8bacf"
"WP697","a52f262b-5c67-11ec-b3be-0ac135e8bacf"
"WP696","a0a5a668-5c67-11ec-b3be-0ac135e8bacf"
"WP694","9c7b5da5-5c67-11ec-b3be-0ac135e8bacf"
"WP692","98ad8cc2-5c67-11ec-b3be-0ac135e8bacf"
"WP691","94d81abe-5c67-11ec-b3be-0ac135e8bacf"
"WP690","9082a34b-5c67-11ec-b3be-0ac135e8bacf"
"WP688","8cbf32a8-5c67-11ec-b3be-0ac135e8bacf"
"WP678","88eb6e55-5c67-11ec-b3be-0ac135e8bacf"
"WP673","85cb69a1-5c67-11ec-b3be-0ac135e8bacf"
"WP661","7f31595e-5c67-11ec-b3be-0ac135e8bacf"
"WP623","7b30b8ab-5c67-11ec-b3be-0ac135e8bacf"
"WP619","76e35787-5c67-11ec-b3be-0ac135e8bacf"
"WP615","72288e93-5c67-11ec-b3be-0ac135e8bacf"
"WP585","6d3e0310-5c67-11ec-b3be-0ac135e8bacf"
"WP581","67ff15fd-5c67-11ec-b3be-0ac135e8bacf"
"WP75","62f2d1a9-5c67-11ec-b3be-0ac135e8bacf"
"WP3","5d73f566-5c67-11ec-b3be-0ac135e8bacf"
"WP288","594d7d33-5c67-11ec-b3be-0ac135e8bacf"
"WP391","cf78c290-5c66-11ec-b3be-0ac135e8bacf"
"WP176","cb1c463c-5c66-11ec-b3be-0ac135e8bacf"
"WP474","c5a33658-5c66-11ec-b3be-0ac135e8bacf"
"WP15","c0ed2854-5c66-11ec-b3be-0ac135e8bacf"
"WP383","baee1f90-5c66-11ec-b3be-0ac135e8bacf"
"WP229","b53c4c6d-5c66-11ec-b3be-0ac135e8bacf"
"WP516","b13717da-5c66-11ec-b3be-0ac135e8bacf"
"WP100","ad2dc496-5c66-11ec-b3be-0ac135e8bacf"
"WP363","a90a3292-5c66-11ec-b3be-0ac135e8bacf"
"WP262","a43a5aff-5c66-11ec-b3be-0ac135e8bacf"
"WP422","9ba8725c-5c66-11ec-b3be-0ac135e8bacf"
"WP197","97489aa9-5c66-11ec-b3be-0ac135e8bacf"
"WP69","937153e5-5c66-11ec-b3be-0ac135e8bacf"
"WP521","8c909db2-5c66-11ec-b3be-0ac135e8bacf"
"WP136","88ec26bf-5c66-11ec-b3be-0ac135e8bacf"
"WP143","853b059b-5c66-11ec-b3be-0ac135e8bacf"
"WP12","802a0658-5c66-11ec-b3be-0ac135e8bacf"
"WP322","7c3ceda5-5c66-11ec-b3be-0ac135e8bacf"
"WP531","7846ad31-5c66-11ec-b3be-0ac135e8bacf"
"WP186","73bc430d-5c66-11ec-b3be-0ac135e8bacf"
"WP438","6f968e29-5c66-11ec-b3be-0ac135e8bacf"
"WP399","6b0434c5-5c66-11ec-b3be-0ac135e8bacf"
"WP241","65f8dad1-5c66-11ec-b3be-0ac135e8bacf"
"WP400","6191b01e-5c66-11ec-b3be-0ac135e8bacf"
"WP411","5d62855a-5c66-11ec-b3be-0ac135e8bacf"
"WP428","56c826f6-5c66-11ec-b3be-0ac135e8bacf"
"WP497","527372d2-5c66-11ec-b3be-0ac135e8bacf"
"WP465","4e8bb14e-5c66-11ec-b3be-0ac135e8bacf"
"WP325","4a45a32b-5c66-11ec-b3be-0ac135e8bacf"
"WP107","46a3eb58-5c66-11ec-b3be-0ac135e8bacf"
"WP231","42750eb4-5c66-11ec-b3be-0ac135e8bacf"
"WP560","3d0d15d1-5c66-11ec-b3be-0ac135e8bacf"
"WP366","38b135bd-5c66-11ec-b3be-0ac135e8bacf"
"WP311","32c9faba-5c66-11ec-b3be-0ac135e8bacf"
"WP496","2f6af137-5c66-11ec-b3be-0ac135e8bacf"
"WP430","2bdc7344-5c66-11ec-b3be-0ac135e8bacf"
"WP289","27ef5a90-5c66-11ec-b3be-0ac135e8bacf"
"WP247","2333f55d-5c66-11ec-b3be-0ac135e8bacf"
"WP313","1fb8b14a-5c66-11ec-b3be-0ac135e8bacf"
"WP26","1b980577-5c66-11ec-b3be-0ac135e8bacf"
"WP477","17f27d14-5c66-11ec-b3be-0ac135e8bacf"
"WP51","14173eb0-5c66-11ec-b3be-0ac135e8bacf"
"WP405","08b8c88c-5c66-11ec-b3be-0ac135e8bacf"
"WP183","04cbfdf8-5c66-11ec-b3be-0ac135e8bacf"
"WP98","00a14004-5c66-11ec-b3be-0ac135e8bacf"
"WP24","fc9a0fa0-5c65-11ec-b3be-0ac135e8bacf"
"WP134","f8b3387d-5c65-11ec-b3be-0ac135e8bacf"
"WP408","f555195a-5c65-11ec-b3be-0ac135e8bacf"
"WP34","f17d8477-5c65-11ec-b3be-0ac135e8bacf"
"WP404","e89d7bd4-5c65-11ec-b3be-0ac135e8bacf"
"WP299","ddbf8051-5c65-11ec-b3be-0ac135e8bacf"
"WP170","d982c1fe-5c65-11ec-b3be-0ac135e8bacf"
"WP268","d55e1e8b-5c65-11ec-b3be-0ac135e8bacf"
"WP58","d157b178-5c65-11ec-b3be-0ac135e8bacf"
"WP368","cd8525a5-5c65-11ec-b3be-0ac135e8bacf"
"WP129","c97dce32-5c65-11ec-b3be-0ac135e8bacf"
"WP382","c5a48b9e-5c65-11ec-b3be-0ac135e8bacf"
"WP78","bf97a02a-5c65-11ec-b3be-0ac135e8bacf"
"WP304","bb520736-5c65-11ec-b3be-0ac135e8bacf"
"WP185","b5e616b2-5c65-11ec-b3be-0ac135e8bacf"
"WP481","b17946ae-5c65-11ec-b3be-0ac135e8bacf"
"WP453","acd1426b-5c65-11ec-b3be-0ac135e8bacf"
"WP53","a8e1dfc7-5c65-11ec-b3be-0ac135e8bacf"
"WP22","a4de31d3-5c65-11ec-b3be-0ac135e8bacf"
"WP205","a0a4319f-5c65-11ec-b3be-0ac135e8bacf"
"WP364","9c6157cb-5c65-11ec-b3be-0ac135e8bacf"
"WP127","97906ec7-5c65-11ec-b3be-0ac135e8bacf"
"WP395","930a2353-5c65-11ec-b3be-0ac135e8bacf"
"WP286","8911f3ef-5c65-11ec-b3be-0ac135e8bacf"
"WP49","84426a7b-5c65-11ec-b3be-0ac135e8bacf"
"WP195","7fa73777-5c65-11ec-b3be-0ac135e8bacf"
"WP561","7a4001e4-5c65-11ec-b3be-0ac135e8bacf"
"WP47","76be0710-5c65-11ec-b3be-0ac135e8bacf"
"WP384","72c0257d-5c65-11ec-b3be-0ac135e8bacf"
"WP534","6f2c5059-5c65-11ec-b3be-0ac135e8bacf"
"WP35","682ca075-5c65-11ec-b3be-0ac135e8bacf"
"WP117","6393b761-5c65-11ec-b3be-0ac135e8bacf"
"WP501","5f63a23e-5c65-11ec-b3be-0ac135e8bacf"
"WP334","5bff418b-5c65-11ec-b3be-0ac135e8bacf"
"WP455","58358f57-5c65-11ec-b3be-0ac135e8bacf"
"WP524","53026214-5c65-11ec-b3be-0ac135e8bacf"
"WP306","4f0b1030-5c65-11ec-b3be-0ac135e8bacf"
"WP357","49bae50d-5c65-11ec-b3be-0ac135e8bacf"
"WP206","45e991ba-5c65-11ec-b3be-0ac135e8bacf"
"WP314","423b2fb6-5c65-11ec-b3be-0ac135e8bacf"
"WP111","3de9d6f2-5c65-11ec-b3be-0ac135e8bacf"
"WP167","3960090e-5c65-11ec-b3be-0ac135e8bacf"
"WP437","34c5995a-5c65-11ec-b3be-0ac135e8bacf"
"WP61","2e5a3a36-5c65-11ec-b3be-0ac135e8bacf"
"WP466","29c17832-5c65-11ec-b3be-0ac135e8bacf"
"WP530","2512e43e-5c65-11ec-b3be-0ac135e8bacf"
"WP558","21344a7a-5c65-11ec-b3be-0ac135e8bacf"
"WP545","1cbb1e67-5c65-11ec-b3be-0ac135e8bacf"
"WP410","18b351c3-5c65-11ec-b3be-0ac135e8bacf"
"WP179","1474bdaf-5c65-11ec-b3be-0ac135e8bacf"
"WP45","0fba1bcb-5c65-11ec-b3be-0ac135e8bacf"
"WP536","0b442407-5c65-11ec-b3be-0ac135e8bacf"
"WP272","060202a4-5c65-11ec-b3be-0ac135e8bacf"
"WP23","00a68ce0-5c65-11ec-b3be-0ac135e8bacf"
"WP254","faef628c-5c64-11ec-b3be-0ac135e8bacf"
"WP138","f65fef58-5c64-11ec-b3be-0ac135e8bacf"
"WP244","f0d700f4-5c64-11ec-b3be-0ac135e8bacf"
"WP106","ecc2d840-5c64-11ec-b3be-0ac135e8bacf"
"WP236","e957248c-5c64-11ec-b3be-0ac135e8bacf"
"WP528","e494ba79-5c64-11ec-b3be-0ac135e8bacf"
"WP554","e173f276-5c64-11ec-b3be-0ac135e8bacf"
"WP244","93b37792-5c64-11ec-b3be-0ac135e8bacf"
"WP106","8eaf498e-5c64-11ec-b3be-0ac135e8bacf"
"WP236","8a3b268a-5c64-11ec-b3be-0ac135e8bacf"
"WP528","82b97567-5c64-11ec-b3be-0ac135e8bacf"
"WP554","7e692e14-5c64-11ec-b3be-0ac135e8bacf"
"WP5124","4b371ee7-da34-11eb-b666-0ac135e8bacf"
"WP5120","354c0194-da34-11eb-b666-0ac135e8bacf"
"WP5116","215d0261-da34-11eb-b666-0ac135e8bacf"
"WP5113","0cfe034d-da34-11eb-b666-0ac135e8bacf"
"WP5112","f8cb445a-da33-11eb-b666-0ac135e8bacf"
"WP5111","e569b817-da33-11eb-b666-0ac135e8bacf"
"WP5110","d22d8e24-da33-11eb-b666-0ac135e8bacf"
"WP5109","be993211-da33-11eb-b666-0ac135e8bacf"
"WP5108","aabd6cbe-da33-11eb-b666-0ac135e8bacf"
"WP5105","978ba30b-da33-11eb-b666-0ac135e8bacf"
"WP5104","84759eb7-da33-11eb-b666-0ac135e8bacf"
"WP5103","70a6aaa3-da33-11eb-b666-0ac135e8bacf"
"WP5102","5c80bcef-da33-11eb-b666-0ac135e8bacf"
"WP5101","4852dffc-da33-11eb-b666-0ac135e8bacf"
"WP5098","34375288-da33-11eb-b666-0ac135e8bacf"
"WP5092","1f5bd075-da33-11eb-b666-0ac135e8bacf"
"WP5090","0a551fb1-da33-11eb-b666-0ac135e8bacf"
"WP5083","f380b3cd-da32-11eb-b666-0ac135e8bacf"
"WP5076","de22943a-da32-11eb-b666-0ac135e8bacf"
"WP5074","cb9bfea6-da32-11eb-b666-0ac135e8bacf"
"WP5072","b8072d63-da32-11eb-b666-0ac135e8bacf"
"WP5066","a3ca8360-da32-11eb-b666-0ac135e8bacf"
"WP5065","04b9f69f-8b76-11eb-9e72-0ac135e8bacf"
"WP5064","e875547b-8b75-11eb-9e72-0ac135e8bacf"
"WP5063","cb9f20b8-8b75-11eb-9e72-0ac135e8bacf"
"WP5061","542a24e0-da32-11eb-b666-0ac135e8bacf"
"WP5055","f4dbac72-ea5c-11eb-b666-0ac135e8bacf"
"WP5053","ae9f6bf5-8b75-11eb-9e72-0ac135e8bacf"
"WP5052","92136091-8b75-11eb-9e72-0ac135e8bacf"
"WP5050","75a193ee-8b75-11eb-9e72-0ac135e8bacf"
"WP5049","5977579a-8b75-11eb-9e72-0ac135e8bacf"
"WP5046","3d062736-8b75-11eb-9e72-0ac135e8bacf"
"WP5044","20784712-8b75-11eb-9e72-0ac135e8bacf"
"WP5039","037a670d-8b75-11eb-9e72-0ac135e8bacf"
"WP5038","e6088f88-8b74-11eb-9e72-0ac135e8bacf"
"WP5033","9284ee8d-da31-11eb-b666-0ac135e8bacf"
"WP5027","7214b9f8-8b74-11eb-9e72-0ac135e8bacf"
"WP4971","55dbfeb4-8b74-11eb-9e72-0ac135e8bacf"
"WP4970","38ee4b4f-8b74-11eb-9e72-0ac135e8bacf"
"WP4969","1a2a785b-8b74-11eb-9e72-0ac135e8bacf"
"WP4966","fd496f27-8b73-11eb-9e72-0ac135e8bacf"
"WP4963","e154c1c2-8b73-11eb-9e72-0ac135e8bacf"
"WP4962","c4dcb38e-8b73-11eb-9e72-0ac135e8bacf"
"WP4961","a84b02da-8b73-11eb-9e72-0ac135e8bacf"
"WP4950","8be12576-8b73-11eb-9e72-0ac135e8bacf"
"WP4949","6f859ff1-8b73-11eb-9e72-0ac135e8bacf"
"WP4947","50f9099d-8b73-11eb-9e72-0ac135e8bacf"
"WP4946","34cde2e8-8b73-11eb-9e72-0ac135e8bacf"
"WP4944","17989f34-8b73-11eb-9e72-0ac135e8bacf"
"WP4942","fca29d20-8b72-11eb-9e72-0ac135e8bacf"
"WP4940","e39f916c-8b72-11eb-9e72-0ac135e8bacf"
"WP4932","d34b6c37-8b72-11eb-9e72-0ac135e8bacf"
"WP4931","b5ffba53-8b72-11eb-9e72-0ac135e8bacf"
"WP4928","99dd462f-8b72-11eb-9e72-0ac135e8bacf"
"WP4927","7db1aa4a-8b72-11eb-9e72-0ac135e8bacf"
"WP4925","600f73f6-8b72-11eb-9e72-0ac135e8bacf"
"WP4923","4374e9a2-8b72-11eb-9e72-0ac135e8bacf"
"WP4922","2659e4ad-8b72-11eb-9e72-0ac135e8bacf"
"WP4921","09b9b509-8b72-11eb-9e72-0ac135e8bacf"
"WP4920","ed98ee95-8b71-11eb-9e72-0ac135e8bacf"
"WP4919","d186a711-8b71-11eb-9e72-0ac135e8bacf"
"WP4918","b54957ed-8b71-11eb-9e72-0ac135e8bacf"
"WP4912","7bdbf534-8b71-11eb-9e72-0ac135e8bacf"
"WP4906","5e64c67f-8b71-11eb-9e72-0ac135e8bacf"
"WP4905","414c80ab-8b71-11eb-9e72-0ac135e8bacf"
"WP4904","24ee3c07-8b71-11eb-9e72-0ac135e8bacf"
"WP4900","08de6582-8b71-11eb-9e72-0ac135e8bacf"
"WP4891","ec7dd6ee-8b70-11eb-9e72-0ac135e8bacf"
"WP4884","d354577a-8b70-11eb-9e72-0ac135e8bacf"
"WP4883","bdd9fd55-8b70-11eb-9e72-0ac135e8bacf"
"WP4880","a1630090-8b70-11eb-9e72-0ac135e8bacf"
"WP4879","8522a42b-8b70-11eb-9e72-0ac135e8bacf"
"WP4877","6694d557-8b70-11eb-9e72-0ac135e8bacf"
"WP4876","49b3f333-8b70-11eb-9e72-0ac135e8bacf"
"WP4875","2d05e0df-8b70-11eb-9e72-0ac135e8bacf"
"WP4874","0fa372aa-8b70-11eb-9e72-0ac135e8bacf"
"WP4873","f0f39ce6-8b6f-11eb-9e72-0ac135e8bacf"
"WP4872","d525b162-8b6f-11eb-9e72-0ac135e8bacf"
"WP4871","b8249d0d-8b6f-11eb-9e72-0ac135e8bacf"
"WP4868","9f30ac89-8b6f-11eb-9e72-0ac135e8bacf"
"WP4864","829c15a5-8b6f-11eb-9e72-0ac135e8bacf"
"WP4863","65b3b971-8b6f-11eb-9e72-0ac135e8bacf"
"WP4861","48e7e5ec-8b6f-11eb-9e72-0ac135e8bacf"
"WP4860","2b737658-8b6f-11eb-9e72-0ac135e8bacf"
"WP4856","0fb47ef3-8b6f-11eb-9e72-0ac135e8bacf"
"WP4853","eaf80bdf-8b6e-11eb-9e72-0ac135e8bacf"
"WP4846","cee0461a-8b6e-11eb-9e72-0ac135e8bacf"
"WP4844","b1b67415-8b6e-11eb-9e72-0ac135e8bacf"
"WP4842","93cc5f51-8b6e-11eb-9e72-0ac135e8bacf"
"WP4838","777a9dcc-8b6e-11eb-9e72-0ac135e8bacf"
"WP4830","5eb51048-8b6e-11eb-9e72-0ac135e8bacf"
"WP4829","461162a4-8b6e-11eb-9e72-0ac135e8bacf"
"WP4823","29dbb4a0-8b6e-11eb-9e72-0ac135e8bacf"
"WP4818","0cad9ddc-8b6e-11eb-9e72-0ac135e8bacf"
"WP4816","f04c24e7-8b6d-11eb-9e72-0ac135e8bacf"
"WP4815","d37d9242-8b6d-11eb-9e72-0ac135e8bacf"
"WP4814","b6c7699b-8b6d-11eb-9e72-0ac135e8bacf"
"WP4808","9ad94be6-8b6d-11eb-9e72-0ac135e8bacf"
"WP4806","825693c1-8b6d-11eb-9e72-0ac135e8bacf"
"WP4804","6988058d-8b6d-11eb-9e72-0ac135e8bacf"
"WP4803","4da92a18-8b6d-11eb-9e72-0ac135e8bacf"
"WP4799","395f39a4-8b6d-11eb-9e72-0ac135e8bacf"
"WP4790","2ebc725b-8b6d-11eb-9e72-0ac135e8bacf"
"WP4789","28eae237-8b6d-11eb-9e72-0ac135e8bacf"
"WP4788","238d70a3-8b6d-11eb-9e72-0ac135e8bacf"
"WP4787","1e5f4c6e-8b6d-11eb-9e72-0ac135e8bacf"
"WP4786","1778f0e9-8b6d-11eb-9e72-0ac135e8bacf"
"WP4785","11da3095-8b6d-11eb-9e72-0ac135e8bacf"
"WP4784","0c854a80-8b6d-11eb-9e72-0ac135e8bacf"
"WP4767","06c5e2cc-8b6d-11eb-9e72-0ac135e8bacf"
"WP4760","01003988-8b6d-11eb-9e72-0ac135e8bacf"
"WP4758","fa447074-8b6c-11eb-9e72-0ac135e8bacf"
"WP4756","f4a86f40-8b6c-11eb-9e72-0ac135e8bacf"
"WP4754","eeaf80fb-8b6c-11eb-9e72-0ac135e8bacf"
"WP4752","e4cfe2a6-8b6c-11eb-9e72-0ac135e8bacf"
"WP4751","deb03282-8b6c-11eb-9e72-0ac135e8bacf"
"WP4747","d981c02d-8b6c-11eb-9e72-0ac135e8bacf"
"WP4746","d34671b8-8b6c-11eb-9e72-0ac135e8bacf"
"WP4726","c6e642ff-8b6c-11eb-9e72-0ac135e8bacf"
"WP4725","c122476a-8b6c-11eb-9e72-0ac135e8bacf"
"WP4724","bbc9dee6-8b6c-11eb-9e72-0ac135e8bacf"
"WP4723","b6a44631-8b6c-11eb-9e72-0ac135e8bacf"
"WP4722","b14af34c-8b6c-11eb-9e72-0ac135e8bacf"
"WP4721","abb61e07-8b6c-11eb-9e72-0ac135e8bacf"
"WP4720","a5fa11b3-8b6c-11eb-9e72-0ac135e8bacf"
"WP4719","a0c2779e-8b6c-11eb-9e72-0ac135e8bacf"
"WP4718","9a7fd629-8b6c-11eb-9e72-0ac135e8bacf"
"WP4707","94b15345-8b6c-11eb-9e72-0ac135e8bacf"
"WP4705","8f6064d1-8b6c-11eb-9e72-0ac135e8bacf"
"WP4698","8986974c-8b6c-11eb-9e72-0ac135e8bacf"
"WP4685","8396f7d7-8b6c-11eb-9e72-0ac135e8bacf"
"WP4674","7d7a54f2-8b6c-11eb-9e72-0ac135e8bacf"
"WP4673","776fb36d-8b6c-11eb-9e72-0ac135e8bacf"
"WP4666","710da318-8b6c-11eb-9e72-0ac135e8bacf"
"WP4661","6a0085b4-8b6c-11eb-9e72-0ac135e8bacf"
"WP4659","6459d61f-8b6c-11eb-9e72-0ac135e8bacf"
"WP4658","5cc0f37a-8b6c-11eb-9e72-0ac135e8bacf"
"WP4657","5683f755-8b6c-11eb-9e72-0ac135e8bacf"
"WP4656","4f5cc240-8b6c-11eb-9e72-0ac135e8bacf"
"WP4655","48ea854b-8b6c-11eb-9e72-0ac135e8bacf"
"WP4629","4305bb46-8b6c-11eb-9e72-0ac135e8bacf"
"WP4595","3d674911-8b6c-11eb-9e72-0ac135e8bacf"
"WP4585","2cd29865-8b6c-11eb-9e72-0ac135e8bacf"
"WP4583","21d703bd-8b6c-11eb-9e72-0ac135e8bacf"
"WP4582","1c6dd259-8b6c-11eb-9e72-0ac135e8bacf"
"WP4577","145845a4-8b6c-11eb-9e72-0ac135e8bacf"
"WP4571","0e4b8140-8b6c-11eb-9e72-0ac135e8bacf"
"WP4566","08de312b-8b6c-11eb-9e72-0ac135e8bacf"
"WP4565","02e6a277-8b6c-11eb-9e72-0ac135e8bacf"
"WP4564","fd23b853-8b6b-11eb-9e72-0ac135e8bacf"
"WP4562","f75b9e0f-8b6b-11eb-9e72-0ac135e8bacf"
"WP4561","f234ccdb-8b6b-11eb-9e72-0ac135e8bacf"
"WP4560","ec937476-8b6b-11eb-9e72-0ac135e8bacf"
"WP4559","e67a05e2-8b6b-11eb-9e72-0ac135e8bacf"
"WP4558","e06db6ad-8b6b-11eb-9e72-0ac135e8bacf"
"WP4553","dab071d9-8b6b-11eb-9e72-0ac135e8bacf"
"WP4545","cc94895f-8b6b-11eb-9e72-0ac135e8bacf"
"WP4542","c50d0bda-8b6b-11eb-9e72-0ac135e8bacf"
"WP4541","bf186355-8b6b-11eb-9e72-0ac135e8bacf"
"WP4540","b8a451a0-8b6b-11eb-9e72-0ac135e8bacf"
"WP4539","b26b4d1c-8b6b-11eb-9e72-0ac135e8bacf"
"WP4538","acb50d27-8b6b-11eb-9e72-0ac135e8bacf"
"WP4537","a5b84373-8b6b-11eb-9e72-0ac135e8bacf"
"WP4536","a05d90fe-8b6b-11eb-9e72-0ac135e8bacf"
"WP4535","98e332d9-8b6b-11eb-9e72-0ac135e8bacf"
"WP4534","926eabf4-8b6b-11eb-9e72-0ac135e8bacf"
"WP4533","8ca88d80-8b6b-11eb-9e72-0ac135e8bacf"
"WP4532","875247dc-8b6b-11eb-9e72-0ac135e8bacf"
"WP4496","4f8b4200-8b6b-11eb-9e72-0ac135e8bacf"
"WP4495","49df895c-8b6b-11eb-9e72-0ac135e8bacf"
"WP4494","449c0868-8b6b-11eb-9e72-0ac135e8bacf"
"WP4493","3ec6a7b3-8b6b-11eb-9e72-0ac135e8bacf"
"WP4487","38eb538f-8b6b-11eb-9e72-0ac135e8bacf"
"WP4486","346cd04b-8b6b-11eb-9e72-0ac135e8bacf"
"WP4485","2fde9597-8b6b-11eb-9e72-0ac135e8bacf"
"WP4484","2b643103-8b6b-11eb-9e72-0ac135e8bacf"
"WP4483","25e9c18f-8b6b-11eb-9e72-0ac135e8bacf"
"WP4482","205ab8ab-8b6b-11eb-9e72-0ac135e8bacf"
"WP4481","1aaf0007-8b6b-11eb-9e72-0ac135e8bacf"
"WP4480","15003a23-8b6b-11eb-9e72-0ac135e8bacf"
"WP4479","0fb4069f-8b6b-11eb-9e72-0ac135e8bacf"
"WP4478","0a79112b-8b6b-11eb-9e72-0ac135e8bacf"
"WP4462","04f68b67-8b6b-11eb-9e72-0ac135e8bacf"
"WP4400","ff1c6fc3-8b6a-11eb-9e72-0ac135e8bacf"
"WP4399","f9c84cff-8b6a-11eb-9e72-0ac135e8bacf"
"WP4397","f481becb-8b6a-11eb-9e72-0ac135e8bacf"
"WP4396","ee492f76-8b6a-11eb-9e72-0ac135e8bacf"
"WP4389","e7aa8b52-8b6a-11eb-9e72-0ac135e8bacf"
"WP4357","e23c50de-8b6a-11eb-9e72-0ac135e8bacf"
"WP4352","dc739a59-8b6a-11eb-9e72-0ac135e8bacf"
"WP4342","d5b4c405-8b6a-11eb-9e72-0ac135e8bacf"
"WP4341","d08bcff0-8b6a-11eb-9e72-0ac135e8bacf"
"WP4337","ca52f37c-8b6a-11eb-9e72-0ac135e8bacf"
"WP4336","c409c257-8b6a-11eb-9e72-0ac135e8bacf"
"WP4331","bd9b07d3-8b6a-11eb-9e72-0ac135e8bacf"
"WP4329","b7bad1ae-8b6a-11eb-9e72-0ac135e8bacf"
"WP4324","b165b9a9-8b6a-11eb-9e72-0ac135e8bacf"
"WP4321","a0e5c984-8b6a-11eb-9e72-0ac135e8bacf"
"WP4320","9af3b910-8b6a-11eb-9e72-0ac135e8bacf"
"WP4317","953f9bfc-8b6a-11eb-9e72-0ac135e8bacf"
"WP4313","9034de47-8b6a-11eb-9e72-0ac135e8bacf"
"WP4312","8a685733-8b6a-11eb-9e72-0ac135e8bacf"
"WP4301","7ee9aeda-8b6a-11eb-9e72-0ac135e8bacf"
"WP4300","794bfff6-8b6a-11eb-9e72-0ac135e8bacf"
"WP4299","72c63b02-8b6a-11eb-9e72-0ac135e8bacf"
"WP4298","6d90c3cd-8b6a-11eb-9e72-0ac135e8bacf"
"WP4290","5bf6ff2f-8b6a-11eb-9e72-0ac135e8bacf"
"WP4288","565bc14b-8b6a-11eb-9e72-0ac135e8bacf"
"WP4286","4f1851a7-8b6a-11eb-9e72-0ac135e8bacf"
"WP4284","491f8a73-8b6a-11eb-9e72-0ac135e8bacf"
"WP4269","3e3ecfca-8b6a-11eb-9e72-0ac135e8bacf"
"WP4263","38f58275-8b6a-11eb-9e72-0ac135e8bacf"
"WP4262","32c09ca0-8b6a-11eb-9e72-0ac135e8bacf"
"WP4258","26389a97-8b6a-11eb-9e72-0ac135e8bacf"
"WP4255","201c6ce2-8b6a-11eb-9e72-0ac135e8bacf"
"WP4249","19fc6e9e-8b6a-11eb-9e72-0ac135e8bacf"
"WP4241","13bc1719-8b6a-11eb-9e72-0ac135e8bacf"
"WP4240","0e3831c5-8b6a-11eb-9e72-0ac135e8bacf"
"WP4239","090c5780-8b6a-11eb-9e72-0ac135e8bacf"
"WP4233","fd57d218-8b69-11eb-9e72-0ac135e8bacf"
"WP4223","e5f7c7f5-8b69-11eb-9e72-0ac135e8bacf"
"WP4222","de7ec960-8b69-11eb-9e72-0ac135e8bacf"
"WP4217","d32d2477-8b69-11eb-9e72-0ac135e8bacf"
"WP4216","ccc791b2-8b69-11eb-9e72-0ac135e8bacf"
"WP4211","c6c68d1e-8b69-11eb-9e72-0ac135e8bacf"
"WP4210","c17e784a-8b69-11eb-9e72-0ac135e8bacf"
"WP4206","bbf562d6-8b69-11eb-9e72-0ac135e8bacf"
"WP4205","b68ef091-8b69-11eb-9e72-0ac135e8bacf"
"WP4204","b097affd-8b69-11eb-9e72-0ac135e8bacf"
"WP4197","ab358379-8b69-11eb-9e72-0ac135e8bacf"
"WP4195","a57187e5-8b69-11eb-9e72-0ac135e8bacf"
"WP4191","9b011b3d-8b69-11eb-9e72-0ac135e8bacf"
"WP4190","959c2f99-8b69-11eb-9e72-0ac135e8bacf"
"WP4189","90ef7064-8b69-11eb-9e72-0ac135e8bacf"
"WP4186","8b76d5b0-8b69-11eb-9e72-0ac135e8bacf"
"WP4174","8604f1bc-8b69-11eb-9e72-0ac135e8bacf"
"WP4172","80d4d1b7-8b69-11eb-9e72-0ac135e8bacf"
"WP4159","7993ac02-8b69-11eb-9e72-0ac135e8bacf"
"WP4155","69e45345-8b69-11eb-9e72-0ac135e8bacf"
"WP4150","5e5927cc-8b69-11eb-9e72-0ac135e8bacf"
"WP4149","59061678-8b69-11eb-9e72-0ac135e8bacf"
"WP4148","53993b94-8b69-11eb-9e72-0ac135e8bacf"
"WP4147","4e010af0-8b69-11eb-9e72-0ac135e8bacf"
"WP4146","48b7486c-8b69-11eb-9e72-0ac135e8bacf"
"WP4142","43e41577-8b69-11eb-9e72-0ac135e8bacf"
"WP4141","3e31a613-8b69-11eb-9e72-0ac135e8bacf"
"WP4136","38ce8f2f-8b69-11eb-9e72-0ac135e8bacf"
"WP4030","331ac03a-8b69-11eb-9e72-0ac135e8bacf"
"WP4022","296f0325-8b69-11eb-9e72-0ac135e8bacf"
"WP4018","22a3a9b0-8b69-11eb-9e72-0ac135e8bacf"
"WP4016","1cb1c04b-8b69-11eb-9e72-0ac135e8bacf"
"WP4008","117948b3-8b69-11eb-9e72-0ac135e8bacf"
"WP3998","0ba806ae-8b69-11eb-9e72-0ac135e8bacf"
"WP3996","04e511aa-8b69-11eb-9e72-0ac135e8bacf"
"WP3995","ff8e2fc6-8b68-11eb-9e72-0ac135e8bacf"
"WP3982","fa381132-8b68-11eb-9e72-0ac135e8bacf"
"WP3981","f4ec52de-8b68-11eb-9e72-0ac135e8bacf"
"WP3972","ef4afa7a-8b68-11eb-9e72-0ac135e8bacf"
"WP3971","e9ddf886-8b68-11eb-9e72-0ac135e8bacf"
"WP3969","e40e8b42-8b68-11eb-9e72-0ac135e8bacf"
"WP3967","df01357e-8b68-11eb-9e72-0ac135e8bacf"
"WP3965","d97f4bfa-8b68-11eb-9e72-0ac135e8bacf"
"WP3963","d427f4e6-8b68-11eb-9e72-0ac135e8bacf"
"WP3959","cf0b35d1-8b68-11eb-9e72-0ac135e8bacf"
"WP3958","c8a79edd-8b68-11eb-9e72-0ac135e8bacf"
"WP3947","c2b36b89-8b68-11eb-9e72-0ac135e8bacf"
"WP3945","bd499de5-8b68-11eb-9e72-0ac135e8bacf"
"WP3944","b7fea2e1-8b68-11eb-9e72-0ac135e8bacf"
"WP3943","b2c9eefd-8b68-11eb-9e72-0ac135e8bacf"
"WP3942","adc5c0f8-8b68-11eb-9e72-0ac135e8bacf"
"WP3941","a81b67e4-8b68-11eb-9e72-0ac135e8bacf"
"WP3940","a2a6017f-8b68-11eb-9e72-0ac135e8bacf"
"WP3938","9cf47c7b-8b68-11eb-9e72-0ac135e8bacf"
"WP3937","97e92287-8b68-11eb-9e72-0ac135e8bacf"
"WP3935","92803f43-8b68-11eb-9e72-0ac135e8bacf"
"WP3934","8d63591f-8b68-11eb-9e72-0ac135e8bacf"
"WP3933","885fee6b-8b68-11eb-9e72-0ac135e8bacf"
"WP3932","8357c8c6-8b68-11eb-9e72-0ac135e8bacf"
"WP3931","7c94fad1-8b68-11eb-9e72-0ac135e8bacf"
"WP3930","76a1159d-8b68-11eb-9e72-0ac135e8bacf"
"WP3929","71711ca8-8b68-11eb-9e72-0ac135e8bacf"
"WP3927","6b6d58f4-8b68-11eb-9e72-0ac135e8bacf"
"WP3926","6640bb60-8b68-11eb-9e72-0ac135e8bacf"
"WP3925","6091f57b-8b68-11eb-9e72-0ac135e8bacf"
"WP3924","5a334087-8b68-11eb-9e72-0ac135e8bacf"
"WP3915","54684012-8b68-11eb-9e72-0ac135e8bacf"
"WP3893","4d59c31d-8b68-11eb-9e72-0ac135e8bacf"
"WP3892","47b20218-8b68-11eb-9e72-0ac135e8bacf"
"WP3891","42499404-8b68-11eb-9e72-0ac135e8bacf"
"WP3890","3d2274b0-8b68-11eb-9e72-0ac135e8bacf"
"WP3888","37b9b87c-8b68-11eb-9e72-0ac135e8bacf"
"WP3879","2a6fed18-8b68-11eb-9e72-0ac135e8bacf"
"WP3878","25239283-8b68-11eb-9e72-0ac135e8bacf"
"WP3877","1f8ce97f-8b68-11eb-9e72-0ac135e8bacf"
"WP3876","1a367ccb-8b68-11eb-9e72-0ac135e8bacf"
"WP3875","14e03727-8b68-11eb-9e72-0ac135e8bacf"
"WP3874","0f9e15c3-8b68-11eb-9e72-0ac135e8bacf"
"WP3872","0a4f984f-8b68-11eb-9e72-0ac135e8bacf"
"WP3871","050c657b-8b68-11eb-9e72-0ac135e8bacf"
"WP3869","ffd6c736-8b67-11eb-9e72-0ac135e8bacf"
"WP3865","fa3d0ff2-8b67-11eb-9e72-0ac135e8bacf"
"WP3863","f4d00dfe-8b67-11eb-9e72-0ac135e8bacf"
"WP3859","ef33708a-8b67-11eb-9e72-0ac135e8bacf"
"WP3858","ea074826-8b67-11eb-9e72-0ac135e8bacf"
"WP3853","e4a0aed2-8b67-11eb-9e72-0ac135e8bacf"
"WP3851","df817ebe-8b67-11eb-9e72-0ac135e8bacf"
"WP3850","da147cca-8b67-11eb-9e72-0ac135e8bacf"
"WP3849","d4be5e36-8b67-11eb-9e72-0ac135e8bacf"
"WP3845","cf890e12-8b67-11eb-9e72-0ac135e8bacf"
"WP3844","ca2581fe-8b67-11eb-9e72-0ac135e8bacf"
"WP3680","c4eb9df9-8b67-11eb-9e72-0ac135e8bacf"
"WP3679","bf33d765-8b67-11eb-9e72-0ac135e8bacf"
"WP3678","b9d26e31-8b67-11eb-9e72-0ac135e8bacf"
"WP3676","b4a97a1d-8b67-11eb-9e72-0ac135e8bacf"
"WP3674","aeca7c79-8b67-11eb-9e72-0ac135e8bacf"
"WP3672","a9b3b0d5-8b67-11eb-9e72-0ac135e8bacf"
"WP3670","a474c3c1-8b67-11eb-9e72-0ac135e8bacf"
"WP3668","9f51ea2d-8b67-11eb-9e72-0ac135e8bacf"
"WP3666","99b1a339-8b67-11eb-9e72-0ac135e8bacf"
"WP3664","94bb7ef5-8b67-11eb-9e72-0ac135e8bacf"
"WP3658","8f4fb581-8b67-11eb-9e72-0ac135e8bacf"
"WP3657","89e7e3ad-8b67-11eb-9e72-0ac135e8bacf"
"WP3656","84a721d9-8b67-11eb-9e72-0ac135e8bacf"
"WP3651","7a4fe280-8b67-11eb-9e72-0ac135e8bacf"
"WP3646","7490effb-8b67-11eb-9e72-0ac135e8bacf"
"WP3645","6ec13497-8b67-11eb-9e72-0ac135e8bacf"
"WP3644","6968a503-8b67-11eb-9e72-0ac135e8bacf"
"WP3640","6428cd8f-8b67-11eb-9e72-0ac135e8bacf"
"WP3635","5eb5b11a-8b67-11eb-9e72-0ac135e8bacf"
"WP3634","58a4a6f5-8b67-11eb-9e72-0ac135e8bacf"
"WP3633","531c2dc1-8b67-11eb-9e72-0ac135e8bacf"
"WP3630","4e365d2d-8b67-11eb-9e72-0ac135e8bacf"
"WP3627","48f721f9-8b67-11eb-9e72-0ac135e8bacf"
"WP3624","43dd4914-8b67-11eb-9e72-0ac135e8bacf"
"WP3617","3de06330-8b67-11eb-9e72-0ac135e8bacf"
"WP3614","383e959c-8b67-11eb-9e72-0ac135e8bacf"
"WP3613","329ffc58-8b67-11eb-9e72-0ac135e8bacf"
"WP3612","2d52b764-8b67-11eb-9e72-0ac135e8bacf"
"WP3611","274026a0-8b67-11eb-9e72-0ac135e8bacf"
"WP3604","2146750b-8b67-11eb-9e72-0ac135e8bacf"
"WP3602","1b2f0246-8b67-11eb-9e72-0ac135e8bacf"
"WP3601","162ad442-8b67-11eb-9e72-0ac135e8bacf"
"WP3599","102d2b0e-8b67-11eb-9e72-0ac135e8bacf"
"WP3596","09709eaa-8b67-11eb-9e72-0ac135e8bacf"
"WP3595","03b6dc46-8b67-11eb-9e72-0ac135e8bacf"
"WP3594","fe387531-8b66-11eb-9e72-0ac135e8bacf"
"WP3593","f7554dfd-8b66-11eb-9e72-0ac135e8bacf"
"WP3591","f194fbe9-8b66-11eb-9e72-0ac135e8bacf"
"WP3585","eba164d5-8b66-11eb-9e72-0ac135e8bacf"
"WP3584","e65b4bd0-8b66-11eb-9e72-0ac135e8bacf"
"WP3580","e056288b-8b66-11eb-9e72-0ac135e8bacf"
"WP3529","daa280a6-8b66-11eb-9e72-0ac135e8bacf"
"WP3527","d47bcba1-8b66-11eb-9e72-0ac135e8bacf"
"WP3414","cd1e936c-8b66-11eb-9e72-0ac135e8bacf"
"WP3413","c7405918-8b66-11eb-9e72-0ac135e8bacf"
"WP3408","c1d48fa4-8b66-11eb-9e72-0ac135e8bacf"
"WP3407","bcb67100-8b66-11eb-9e72-0ac135e8bacf"
"WP3303","b754929b-8b66-11eb-9e72-0ac135e8bacf"
"WP3302","b1194427-8b66-11eb-9e72-0ac135e8bacf"
"WP3301","abdca103-8b66-11eb-9e72-0ac135e8bacf"
"WP3300","a6518fbf-8b66-11eb-9e72-0ac135e8bacf"
"WP3299","a0f4935b-8b66-11eb-9e72-0ac135e8bacf"
"WP3298","9b9acb46-8b66-11eb-9e72-0ac135e8bacf"
"WP3297","94d64fa2-8b66-11eb-9e72-0ac135e8bacf"
"WP3287","8d49f01e-8b66-11eb-9e72-0ac135e8bacf"
"WP3286","86c563a9-8b66-11eb-9e72-0ac135e8bacf"
"WP2943","80b14c45-8b66-11eb-9e72-0ac135e8bacf"
"WP2942","7b614831-8b66-11eb-9e72-0ac135e8bacf"
"WP2916","7619817d-8b66-11eb-9e72-0ac135e8bacf"
"WP2911","70e6a259-8b66-11eb-9e72-0ac135e8bacf"
"WP2889","6586cca1-8b66-11eb-9e72-0ac135e8bacf"
"WP2884","605d8a6c-8b66-11eb-9e72-0ac135e8bacf"
"WP2882","5a590367-8b66-11eb-9e72-0ac135e8bacf"
"WP2881","51f074b3-8b66-11eb-9e72-0ac135e8bacf"
"WP2880","4c928dee-8b66-11eb-9e72-0ac135e8bacf"
"WP2879","468665ca-8b66-11eb-9e72-0ac135e8bacf"
"WP2878","404dd676-8b66-11eb-9e72-0ac135e8bacf"
"WP2877","3b19e5e1-8b66-11eb-9e72-0ac135e8bacf"
"WP2876","34754e4d-8b66-11eb-9e72-0ac135e8bacf"
"WP2875","2f14f689-8b66-11eb-9e72-0ac135e8bacf"
"WP2874","28e45675-8b66-11eb-9e72-0ac135e8bacf"
"WP2873","2383b091-8b66-11eb-9e72-0ac135e8bacf"
"WP2870","1dc644ad-8b66-11eb-9e72-0ac135e8bacf"
"WP2868","17d19c29-8b66-11eb-9e72-0ac135e8bacf"
"WP2865","127cdd25-8b66-11eb-9e72-0ac135e8bacf"
"WP2864","0cb0a431-8b66-11eb-9e72-0ac135e8bacf"
"WP2858","068d98ac-8b66-11eb-9e72-0ac135e8bacf"
"WP2855","f9a5ea73-8b65-11eb-9e72-0ac135e8bacf"
"WP2854","f41cd4ff-8b65-11eb-9e72-0ac135e8bacf"
"WP2853","ee5de27a-8b65-11eb-9e72-0ac135e8bacf"
"WP2849","e7adb225-8b65-11eb-9e72-0ac135e8bacf"
"WP2848","e0c0ee00-8b65-11eb-9e72-0ac135e8bacf"
"WP2846","c467644c-8b65-11eb-9e72-0ac135e8bacf"
"WP2840","beab7f07-8b65-11eb-9e72-0ac135e8bacf"
"WP2839","b871b733-8b65-11eb-9e72-0ac135e8bacf"
"WP2828","b27f7fae-8b65-11eb-9e72-0ac135e8bacf"
"WP2826","ac3738ea-8b65-11eb-9e72-0ac135e8bacf"
"WP2817","a7056b36-8b65-11eb-9e72-0ac135e8bacf"
"WP2816","a13561b2-8b65-11eb-9e72-0ac135e8bacf"
"WP2815","9be2ec9e-8b65-11eb-9e72-0ac135e8bacf"
"WP2814","964c90ba-8b65-11eb-9e72-0ac135e8bacf"
"WP2813","90652ea6-8b65-11eb-9e72-0ac135e8bacf"
"WP2806","8af76961-8b65-11eb-9e72-0ac135e8bacf"
"WP2805","841f65bd-8b65-11eb-9e72-0ac135e8bacf"
"WP2795","7e219578-8b65-11eb-9e72-0ac135e8bacf"
"WP2646","7788e4c4-8b65-11eb-9e72-0ac135e8bacf"
"WP2645","728c57e0-8b65-11eb-9e72-0ac135e8bacf"
"WP2643","6d49732c-8b65-11eb-9e72-0ac135e8bacf"
"WP2640","660f0438-8b65-11eb-9e72-0ac135e8bacf"
"WP2637","610705a4-8b65-11eb-9e72-0ac135e8bacf"
"WP2636","5b6a8f40-8b65-11eb-9e72-0ac135e8bacf"
"WP2597","55ab288c-8b65-11eb-9e72-0ac135e8bacf"
"WP2596","4f1b5178-8b65-11eb-9e72-0ac135e8bacf"
"WP2586","4978c093-8b65-11eb-9e72-0ac135e8bacf"
"WP2583","42954b3f-8b65-11eb-9e72-0ac135e8bacf"
"WP2572","3c904f0a-8b65-11eb-9e72-0ac135e8bacf"
"WP2542","3540f886-8b65-11eb-9e72-0ac135e8bacf"
"WP2536","3010b172-8b65-11eb-9e72-0ac135e8bacf"
"WP2533","2adff52d-8b65-11eb-9e72-0ac135e8bacf"
"WP2526","24c945b8-8b65-11eb-9e72-0ac135e8bacf"
"WP2525","1e974613-8b65-11eb-9e72-0ac135e8bacf"
"WP2516","191e362e-8b65-11eb-9e72-0ac135e8bacf"
"WP2513","11f3308a-8b65-11eb-9e72-0ac135e8bacf"
"WP2509","0c9ee6b6-8b65-11eb-9e72-0ac135e8bacf"
"WP2507","06e6d202-8b65-11eb-9e72-0ac135e8bacf"
"WP2491","01cfb83e-8b65-11eb-9e72-0ac135e8bacf"
"WP2485","fc35169a-8b64-11eb-9e72-0ac135e8bacf"
"WP2456","f08488d6-8b64-11eb-9e72-0ac135e8bacf"
"WP2453","eb702e32-8b64-11eb-9e72-0ac135e8bacf"
"WP2447","e5f8cbfd-8b64-11eb-9e72-0ac135e8bacf"
"WP2446","dfe8d348-8b64-11eb-9e72-0ac135e8bacf"
"WP2436","d83a45c4-8b64-11eb-9e72-0ac135e8bacf"
"WP2431","d168358f-8b64-11eb-9e72-0ac135e8bacf"
"WP2406","bfa3695a-8b64-11eb-9e72-0ac135e8bacf"
"WP2380","b9627595-8b64-11eb-9e72-0ac135e8bacf"
"WP2374","b191e120-8b64-11eb-9e72-0ac135e8bacf"
"WP2371","ab09ab2b-8b64-11eb-9e72-0ac135e8bacf"
"WP2369","a52619a6-8b64-11eb-9e72-0ac135e8bacf"
"WP2366","9f094fb2-8b64-11eb-9e72-0ac135e8bacf"
"WP2363","99976bbe-8b64-11eb-9e72-0ac135e8bacf"
"WP2361","933dbfda-8b64-11eb-9e72-0ac135e8bacf"
"WP2359","8d4b3a36-8b64-11eb-9e72-0ac135e8bacf"
"WP2355","87814b31-8b64-11eb-9e72-0ac135e8bacf"
"WP2338","5e2eae2c-8b64-11eb-9e72-0ac135e8bacf"
"WP2333","56aab318-8b64-11eb-9e72-0ac135e8bacf"
"WP2332","51504ec3-8b64-11eb-9e72-0ac135e8bacf"
"WP2328","4af9fe3e-8b64-11eb-9e72-0ac135e8bacf"
"WP2324","414c4559-8b64-11eb-9e72-0ac135e8bacf"
"WP2291","3a31e185-8b64-11eb-9e72-0ac135e8bacf"
"WP2290","35397351-8b64-11eb-9e72-0ac135e8bacf"
"WP2276","2a5f9679-8b64-11eb-9e72-0ac135e8bacf"
"WP2272","2428dbe4-8b64-11eb-9e72-0ac135e8bacf"
"WP2267","1878ea5f-8b64-11eb-9e72-0ac135e8bacf"
"WP2261","1210e69a-8b64-11eb-9e72-0ac135e8bacf"
"WP2253","0b9bc376-8b64-11eb-9e72-0ac135e8bacf"
"WP2249","068c23c2-8b64-11eb-9e72-0ac135e8bacf"
"WP2203","0118e03d-8b64-11eb-9e72-0ac135e8bacf"
"WP2197","fb06ebb8-8b63-11eb-9e72-0ac135e8bacf"
"WP2118","f524b9c3-8b63-11eb-9e72-0ac135e8bacf"
"WP2113","edb7a20f-8b63-11eb-9e72-0ac135e8bacf"
"WP2112","e89b0a0b-8b63-11eb-9e72-0ac135e8bacf"
"WP2064","e2ffcc26-8b63-11eb-9e72-0ac135e8bacf"
"WP2059","dcbae0c1-8b63-11eb-9e72-0ac135e8bacf"
"WP2038","d5442c1d-8b63-11eb-9e72-0ac135e8bacf"
"WP2037","cf8d76f8-8b63-11eb-9e72-0ac135e8bacf"
"WP2036","c8871053-8b63-11eb-9e72-0ac135e8bacf"
"WP2035","c22f3a2e-8b63-11eb-9e72-0ac135e8bacf"
"WP2034","bb5820e9-8b63-11eb-9e72-0ac135e8bacf"
"WP2032","b4324b64-8b63-11eb-9e72-0ac135e8bacf"
"WP2029","ad9e077f-8b63-11eb-9e72-0ac135e8bacf"
"WP2023","a821ea5a-8b63-11eb-9e72-0ac135e8bacf"
"WP2018","a2462105-8b63-11eb-9e72-0ac135e8bacf"
"WP2011","9bacad01-8b63-11eb-9e72-0ac135e8bacf"
"WP2007","965751bc-8b63-11eb-9e72-0ac135e8bacf"
"WP1995","90b13e68-8b63-11eb-9e72-0ac135e8bacf"
"WP1992","8b9394f4-8b63-11eb-9e72-0ac135e8bacf"
"WP1991","861d4430-8b63-11eb-9e72-0ac135e8bacf"
"WP1984","8089594b-8b63-11eb-9e72-0ac135e8bacf"
"WP1982","7939b4a6-8b63-11eb-9e72-0ac135e8bacf"
"WP1981","72f405f2-8b63-11eb-9e72-0ac135e8bacf"
"WP1971","6dac182e-8b63-11eb-9e72-0ac135e8bacf"
"WP1946","67b302d9-8b63-11eb-9e72-0ac135e8bacf"
"WP1772","5db5a354-8b63-11eb-9e72-0ac135e8bacf"
"WP1742","56996ac0-8b63-11eb-9e72-0ac135e8bacf"
"WP1604","508664cc-8b63-11eb-9e72-0ac135e8bacf"
"WP1603","4adde078-8b63-11eb-9e72-0ac135e8bacf"
"WP1602","456aeb14-8b63-11eb-9e72-0ac135e8bacf"
"WP1601","3f7ea6ff-8b63-11eb-9e72-0ac135e8bacf"
"WP1600","38f622eb-8b63-11eb-9e72-0ac135e8bacf"
"WP1591","338b6ae6-8b63-11eb-9e72-0ac135e8bacf"
"WP1589","1f4ee7f2-8b63-11eb-9e72-0ac135e8bacf"
"WP1584","19435c0e-8b63-11eb-9e72-0ac135e8bacf"
"WP1559","135458da-8b63-11eb-9e72-0ac135e8bacf"
"WP1545","0d895865-8b63-11eb-9e72-0ac135e8bacf"
"WP1544","078fcde0-8b63-11eb-9e72-0ac135e8bacf"
"WP1541","0025754b-8b63-11eb-9e72-0ac135e8bacf"
"WP1539","fa32efa7-8b62-11eb-9e72-0ac135e8bacf"
"WP1533","f4aac492-8b62-11eb-9e72-0ac135e8bacf"
"WP1531","ee30232e-8b62-11eb-9e72-0ac135e8bacf"
"WP1530","e8d3ea19-8b62-11eb-9e72-0ac135e8bacf"
"WP1528","e2d49335-8b62-11eb-9e72-0ac135e8bacf"
"WP1495","dd17c391-8b62-11eb-9e72-0ac135e8bacf"
"WP1471","d80f4fcd-8b62-11eb-9e72-0ac135e8bacf"
"WP1455","d195bfd9-8b62-11eb-9e72-0ac135e8bacf"
"WP1449","cc602194-8b62-11eb-9e72-0ac135e8bacf"
"WP1438","c54f0c90-8b62-11eb-9e72-0ac135e8bacf"
"WP1434","bff607cc-8b62-11eb-9e72-0ac135e8bacf"
"WP1433","baa7b168-8b62-11eb-9e72-0ac135e8bacf"
"WP1425","b50a2994-8b62-11eb-9e72-0ac135e8bacf"
"WP1424","afcac750-8b62-11eb-9e72-0ac135e8bacf"
"WP1423","aacc8cbb-8b62-11eb-9e72-0ac135e8bacf"
"WP1422","a54db076-8b62-11eb-9e72-0ac135e8bacf"
"WP1403","9f492971-8b62-11eb-9e72-0ac135e8bacf"
"WP734","999ab1ad-8b62-11eb-9e72-0ac135e8bacf"
"WP733","9434b499-8b62-11eb-9e72-0ac135e8bacf"
"WP732","8f347e35-8b62-11eb-9e72-0ac135e8bacf"
"WP727","892f5af1-8b62-11eb-9e72-0ac135e8bacf"
"WP716","8388ab5c-8b62-11eb-9e72-0ac135e8bacf"
"WP715","7dc7e418-8b62-11eb-9e72-0ac135e8bacf"
"WP712","796f5f64-8b62-11eb-9e72-0ac135e8bacf"
"WP710","73cd1c9f-8b62-11eb-9e72-0ac135e8bacf"
"WP707","6d04342a-8b62-11eb-9e72-0ac135e8bacf"
"WP706","67510176-8b62-11eb-9e72-0ac135e8bacf"
"WP704","4f6e59e2-8b62-11eb-9e72-0ac135e8bacf"
"WP702","4a9c124d-8b62-11eb-9e72-0ac135e8bacf"
"WP699","447a8d69-8b62-11eb-9e72-0ac135e8bacf"
"WP698","3f94bcd5-8b62-11eb-9e72-0ac135e8bacf"
"WP697","3a62ef20-8b62-11eb-9e72-0ac135e8bacf"
"WP696","348c55ec-8b62-11eb-9e72-0ac135e8bacf"
"WP694","2f65f9e8-8b62-11eb-9e72-0ac135e8bacf"
"WP692","2a1ab0c4-8b62-11eb-9e72-0ac135e8bacf"
"WP691","2517bb3f-8b62-11eb-9e72-0ac135e8bacf"
"WP690","1f70e49b-8b62-11eb-9e72-0ac135e8bacf"
"WP688","1a248a07-8b62-11eb-9e72-0ac135e8bacf"
"WP678","150029d3-8b62-11eb-9e72-0ac135e8bacf"
"WP673","0f8cbf3e-8b62-11eb-9e72-0ac135e8bacf"
"WP661","087eb77a-8b62-11eb-9e72-0ac135e8bacf"
"WP623","0317a8f6-8b62-11eb-9e72-0ac135e8bacf"
"WP619","fdb30b71-8b61-11eb-9e72-0ac135e8bacf"
"WP615","f7cd7e1c-8b61-11eb-9e72-0ac135e8bacf"
"WP585","f16f1748-8b61-11eb-9e72-0ac135e8bacf"
"WP581","ead52e14-8b61-11eb-9e72-0ac135e8bacf"
"WP75","f0cbbaaf-da0f-11eb-b666-0ac135e8bacf"
"WP3","e285ccb0-8b61-11eb-9e72-0ac135e8bacf"
"WP288","dd0bd26c-8b61-11eb-9e72-0ac135e8bacf"
"WP391","d68f3538-8b61-11eb-9e72-0ac135e8bacf"
"WP176","d01f9053-8b61-11eb-9e72-0ac135e8bacf"
"WP474","c6b87d5e-8b61-11eb-9e72-0ac135e8bacf"
"WP15","c06a6a39-8b61-11eb-9e72-0ac135e8bacf"
"WP383","b8daaf54-8b61-11eb-9e72-0ac135e8bacf"
"WP229","b1e18f20-8b61-11eb-9e72-0ac135e8bacf"
"WP516","ac6990ac-8b61-11eb-9e72-0ac135e8bacf"
"WP100","a7279657-8b61-11eb-9e72-0ac135e8bacf"
"WP363","a1afbef2-8b61-11eb-9e72-0ac135e8bacf"
"WP262","9b7b002e-8b61-11eb-9e72-0ac135e8bacf"
"WP422","95cf6e9a-8b61-11eb-9e72-0ac135e8bacf"
"WP197","8f997756-8b61-11eb-9e72-0ac135e8bacf"
"WP69","8a3527f1-8b61-11eb-9e72-0ac135e8bacf"
"WP521","7d981748-8b61-11eb-9e72-0ac135e8bacf"
"WP136","78a28f44-8b61-11eb-9e72-0ac135e8bacf"
"WP143","73b7406f-8b61-11eb-9e72-0ac135e8bacf"
"WP12","6dd4e76b-8b61-11eb-9e72-0ac135e8bacf"
"WP322","688a1377-8b61-11eb-9e72-0ac135e8bacf"
"WP531","634b2662-8b61-11eb-9e72-0ac135e8bacf"
"WP186","314aeac7-da0f-11eb-b666-0ac135e8bacf"
"WP438","5b33c4ed-8b61-11eb-9e72-0ac135e8bacf"
"WP399","55bab508-8b61-11eb-9e72-0ac135e8bacf"
"WP241","4f5ee643-8b61-11eb-9e72-0ac135e8bacf"
"WP400","49c2e50f-8b61-11eb-9e72-0ac135e8bacf"
"WP411","4416420a-8b61-11eb-9e72-0ac135e8bacf"
"WP428","3bdd27c5-8b61-11eb-9e72-0ac135e8bacf"
"WP497","155ea1bb-da0f-11eb-b666-0ac135e8bacf"
"WP465","332e6850-8b61-11eb-9e72-0ac135e8bacf"
"WP325","2d46df2c-8b61-11eb-9e72-0ac135e8bacf"
"WP107","27fdb8e8-8b61-11eb-9e72-0ac135e8bacf"
"WP231","223e5133-8b61-11eb-9e72-0ac135e8bacf"
"WP560","1ae81cdf-8b61-11eb-9e72-0ac135e8bacf"
"WP366","14aa5d6a-8b61-11eb-9e72-0ac135e8bacf"
"WP311","0c71df66-8b61-11eb-9e72-0ac135e8bacf"
"WP496","07528842-8b61-11eb-9e72-0ac135e8bacf"
"WP430","01d4483e-8b61-11eb-9e72-0ac135e8bacf"
"WP289","fc4a9689-8b60-11eb-9e72-0ac135e8bacf"
"WP247","f5757915-8b60-11eb-9e72-0ac135e8bacf"
"WP313","f04754e1-8b60-11eb-9e72-0ac135e8bacf"
"WP26","ea92eaad-8b60-11eb-9e72-0ac135e8bacf"
"WP477","e5708649-8b60-11eb-9e72-0ac135e8bacf"
"WP51","dfc4f4b4-8b60-11eb-9e72-0ac135e8bacf"
"WP405","d206e3af-8b60-11eb-9e72-0ac135e8bacf"
"WP183","cc74314a-8b60-11eb-9e72-0ac135e8bacf"
"WP98","c6c914e5-8b60-11eb-9e72-0ac135e8bacf"
"WP24","c11bfcb0-8b60-11eb-9e72-0ac135e8bacf"
"WP134","bb832fcc-8b60-11eb-9e72-0ac135e8bacf"
"WP408","b6a2b668-8b60-11eb-9e72-0ac135e8bacf"
"WP34","b12efdb4-8b60-11eb-9e72-0ac135e8bacf"
"WP404","ab8da550-8b60-11eb-9e72-0ac135e8bacf"
"WP299","a1b99fbc-8b60-11eb-9e72-0ac135e8bacf"
"WP170","9bc7b658-8b60-11eb-9e72-0ac135e8bacf"
"WP268","960d57b4-8b60-11eb-9e72-0ac135e8bacf"
"WP58","90a73390-8b60-11eb-9e72-0ac135e8bacf"
"WP368","8b53d41c-8b60-11eb-9e72-0ac135e8bacf"
"WP129","86289618-8b60-11eb-9e72-0ac135e8bacf"
"WP382","80f62c23-8b60-11eb-9e72-0ac135e8bacf"
"WP78","777a58ae-8b60-11eb-9e72-0ac135e8bacf"
"WP304","7222b379-8b60-11eb-9e72-0ac135e8bacf"
"WP185","6b4d9604-8b60-11eb-9e72-0ac135e8bacf"
"WP481","649ca25f-8b60-11eb-9e72-0ac135e8bacf"
"WP453","5ca1a28b-8b60-11eb-9e72-0ac135e8bacf"
"WP53","56828ea6-8b60-11eb-9e72-0ac135e8bacf"
"WP22","4c68f491-8b60-11eb-9e72-0ac135e8bacf"
"WP205","468059fc-8b60-11eb-9e72-0ac135e8bacf"
"WP364","40d4c867-8b60-11eb-9e72-0ac135e8bacf"
"WP127","39bed162-8b60-11eb-9e72-0ac135e8bacf"
"WP395","33ed1a2d-8b60-11eb-9e72-0ac135e8bacf"
"WP286","2d4db2b8-8b60-11eb-9e72-0ac135e8bacf"
"WP49","27703bb3-8b60-11eb-9e72-0ac135e8bacf"
"WP195","216720ce-8b60-11eb-9e72-0ac135e8bacf"
"WP561","198e760a-8b60-11eb-9e72-0ac135e8bacf"
"WP47","13c91ae5-8b60-11eb-9e72-0ac135e8bacf"
"WP384","0dd50ea1-8b60-11eb-9e72-0ac135e8bacf"
"WP534","0868f70c-8b60-11eb-9e72-0ac135e8bacf"
"WP35","fd431d13-8b5f-11eb-9e72-0ac135e8bacf"
"WP117","f5f9e10e-8b5f-11eb-9e72-0ac135e8bacf"
"WP501","f048d13a-8b5f-11eb-9e72-0ac135e8bacf"
"WP334","eb7cca36-8b5f-11eb-9e72-0ac135e8bacf"
"WP455","e65a3ec1-8b5f-11eb-9e72-0ac135e8bacf"
"WP524","dfb7f11d-8b5f-11eb-9e72-0ac135e8bacf"
"WP306","d9bdca58-8b5f-11eb-9e72-0ac135e8bacf"
"WP357","d2fd9474-8b5f-11eb-9e72-0ac135e8bacf"
"WP206","cc6a13e0-8b5f-11eb-9e72-0ac135e8bacf"
"WP314","c77e28cb-8b5f-11eb-9e72-0ac135e8bacf"
"WP111","c1699c36-8b5f-11eb-9e72-0ac135e8bacf"
"WP167","bbd9d001-8b5f-11eb-9e72-0ac135e8bacf"
"WP437","b671b00c-8b5f-11eb-9e72-0ac135e8bacf"
"WP61","ae9b9d57-8b5f-11eb-9e72-0ac135e8bacf"
"WP466","a7fc8402-8b5f-11eb-9e72-0ac135e8bacf"
"WP530","a1aaee6d-8b5f-11eb-9e72-0ac135e8bacf"
"WP558","9c54cfd8-8b5f-11eb-9e72-0ac135e8bacf"
"WP545","968eff84-8b5f-11eb-9e72-0ac135e8bacf"
"WP410","9093c84f-8b5f-11eb-9e72-0ac135e8bacf"
"WP179","8ada2cfa-8b5f-11eb-9e72-0ac135e8bacf"
"WP45","83e663f5-8b5f-11eb-9e72-0ac135e8bacf"
"WP536","7e132620-8b5f-11eb-9e72-0ac135e8bacf"
"WP272","76c41dbc-8b5f-11eb-9e72-0ac135e8bacf"
"WP23","6ec414d7-8b5f-11eb-9e72-0ac135e8bacf"
"WP254","673df6e2-8b5f-11eb-9e72-0ac135e8bacf"
"WP138","61415f1d-8b5f-11eb-9e72-0ac135e8bacf"
"WP244","5aed3178-8b5f-11eb-9e72-0ac135e8bacf"
"WP106","5454a7d3-8b5f-11eb-9e72-0ac135e8bacf"
"WP236","4f31f54e-8b5f-11eb-9e72-0ac135e8bacf"
"WP528","48b1125a-8b5f-11eb-9e72-0ac135e8bacf"
"WP554","427c38c3-da09-11eb-b666-0ac135e8bacf"
"WP3655","7f6faed5-8b67-11eb-9e72-0ac135e8bacf"
"WP2857","00136c77-8b66-11eb-9e72-0ac135e8bacf"
"WP5037","c8f811e4-8b74-11eb-9e72-0ac135e8bacf"
"WP5031","ac49b170-8b74-11eb-9e72-0ac135e8bacf"
"WP5030","8fcd5e7c-8b74-11eb-9e72-0ac135e8bacf"
"WP4917","992424a8-8b71-11eb-9e72-0ac135e8bacf"
"WP4792","343e34cf-8b6d-11eb-9e72-0ac135e8bacf"
"WP4742","cc593864-8b6c-11eb-9e72-0ac135e8bacf"
"WP4589","379591dd-8b6c-11eb-9e72-0ac135e8bacf"
"WP4586","3215f249-8b6c-11eb-9e72-0ac135e8bacf"
"WP4584","27427e11-8b6c-11eb-9e72-0ac135e8bacf"
"WP4549","d4776d54-8b6b-11eb-9e72-0ac135e8bacf"
"WP4524","81fb17d7-8b6b-11eb-9e72-0ac135e8bacf"
"WP4523","7bf928e2-8b6b-11eb-9e72-0ac135e8bacf"
"WP4522","7644e4be-8b6b-11eb-9e72-0ac135e8bacf"
"WP4521","70774c39-8b6b-11eb-9e72-0ac135e8bacf"
"WP4519","6a7de8c5-8b6b-11eb-9e72-0ac135e8bacf"
"WP4518","6533d821-8b6b-11eb-9e72-0ac135e8bacf"
"WP4507","5fc5016d-8b6b-11eb-9e72-0ac135e8bacf"
"WP4506","5a5a2259-8b6b-11eb-9e72-0ac135e8bacf"
"WP4504","5506c2e4-8b6b-11eb-9e72-0ac135e8bacf"
"WP4304","84a25fce-8b6a-11eb-9e72-0ac135e8bacf"
"WP4297","66e6d509-8b6a-11eb-9e72-0ac135e8bacf"
"WP4292","618a26c4-8b6a-11eb-9e72-0ac135e8bacf"
"WP4271","43ffe52e-8b6a-11eb-9e72-0ac135e8bacf"
"WP4259","2bb57b0c-8b6a-11eb-9e72-0ac135e8bacf"
"WP4236","02c485ec-8b6a-11eb-9e72-0ac135e8bacf"
"WP4228","f827d924-8b69-11eb-9e72-0ac135e8bacf"
"WP4225","f2b4959f-8b69-11eb-9e72-0ac135e8bacf"
"WP4224","ebf8575a-8b69-11eb-9e72-0ac135e8bacf"
"WP4220","d875fc9c-8b69-11eb-9e72-0ac135e8bacf"
"WP4194","a06a73b1-8b69-11eb-9e72-0ac135e8bacf"
"WP4157","73c5ed6e-8b69-11eb-9e72-0ac135e8bacf"
"WP4156","6f3bd16a-8b69-11eb-9e72-0ac135e8bacf"
"WP4153","64075170-8b69-11eb-9e72-0ac135e8bacf"
"WP4010","1605d5b7-8b69-11eb-9e72-0ac135e8bacf"
"WP2895","6b9d7c15-8b66-11eb-9e72-0ac135e8bacf"
"WP2289","2fc71a2d-8b64-11eb-9e72-0ac135e8bacf"
"WP43","8334669c-8b61-11eb-9e72-0ac135e8bacf"
"WP500","0301e888-8b60-11eb-9e72-0ac135e8bacf"